origin,origin_city_name,yearly_departures_per_ap,yearly_passengers_per_ap
05A,"Little Squaw, AK",75.4,149.6
06A,"Kizhuyak, AK",7.2,3.8
08A,"Elizabeth Island, AK",2.0,3.0
09A,"Homer, AK",7.2,8.6
1B1,"Hudson, NY",1.8,5.8
1CA,"Rio Vista, CA",0.2,1.6
1G4,"Peach Springs, AZ",2946.4,31218.2
1GA,"Hampton, GA",0.2,0.0
1NC,"Roanoke Rapids, NC",0.2,0.6
1NY,"Penn Yan, NY",0.2,0.2
1TN,"Lexington Parsons, TN",0.2,1.8
1TX,"Dumas, TX",0.4,0.2
2CA,"Delano, CA",0.2,0.6
2GA,"Camilla, GA",0.2,0.0
3GA,"Blakely, GA",0.2,1.8
6B0,"Middlebury, VT",2.8,7.8
7AK,"Akun, AK",770.6,1875.2
A01,"Fairbanks/Ft. Wainwright, AK",4.4,2.2
A02,"Deadmans Bay, AK",7.0,6.8
A03,"Hallo Bay, AK",81.8,97.0
A04,"Red Lake, AK",3.0,3.0
A07,"Selawik, AK",0.2,0.0
A17,"Port Vita, AK",0.2,0.4
A18,"Kantishna, AK",1.2,0.2
A1K,"Deadhorse1, AK",40.8,3.6
A1L,"Cullman, AL",0.2,1.6
A20,"Alpine, AK",214.8,0.0
A26,"Ivotuk, AK",9.4,14.6
A27,"Pogo Mines, AK",45.6,48.6
A28,"Ayakulik River, AK",0.2,0.4
A29,"Kiluda Bay, AK",48.8,88.4
A2K,"Bartletts, AK",9.2,13.0
A2L,"Fort Payne, AL",0.4,1.2
A30,"Terror Lake, AK",1.8,1.2
A31,"Selief Bay, AK",0.4,0.0
A34,"Laura Lake, AK",1.8,1.8
A35,"Kaktovik, AK",0.4,3.4
A37,"Kako, AK",2.2,0.0
A39,"Ptarmigan Lake, AK",0.2,0.0
A3K,"Smith Bay, AK",21.8,0.0
A40,"Cape Simpson, AK",0.8,0.6
A43,"Kodiak Island, AK",284.0,403.6
A48,"Port Hobron, AK",0.2,0.4
A4K,"Dune Lake, AK",0.4,0.0
A50,"Big Bay, AK",3.0,3.4
A51,"Wien Lake, AK",1.0,0.0
A52,"Silver Salmon Creek, AK",23.2,10.0
A63,"Yukon Charley Rivvers, AK",6.4,26.4
A65,"Karluk Portage, AK",1.0,1.4
A6K,"Fairbanks1, AK",2.6,2.2
A72,"Chinitna Bay, AK",91.4,4.0
A75,"Malina Bay, AK",1.8,1.6
A76,"Red Fox Bay, AK",0.4,1.2
A79,"Cape Simpson, AK",0.2,1.0
A7K,"Nakochna, AK",0.2,0.0
A83,"Petrof Point, AK",0.4,0.6
A87,"Carry Inlet, AK",1.6,3.6
A99,"Eagle Creek, AK",2.2,0.0
AA8,"Deadhorse, AK",0.4,0.0
AA9,"Napaimute, AK",0.2,0.0
AAF,"Apalachicola, FL",0.4,0.0
ABE,"Allentown/Bethlehem/Easton, PA",7626.8,361068.0
ABI,"Abilene, TX",2820.8,89490.2
ABL,"Ambler, AK",1357.6,4316.0
ABQ,"Albuquerque, NM",30434.0,2548874.6
ABR,"Aberdeen, SD",997.4,28113.2
ABV,"Abuja, Nigeria",1.0,5.6
ABY,"Albany, GA",1578.2,37480.0
ACA,"Acapulco, Mexico",146.6,7060.8
ACC,"Accra, Ghana",411.4,85252.0
ACK,"Nantucket, MA",14687.6,130445.6
ACT,"Waco, TX",1708.8,62810.6
ACV,"Arcata/Eureka, CA",1933.0,69672.6
ACY,"Atlantic City, NJ",3883.2,562559.8
ADB,"Izmir, Turkey",0.2,1.0
ADD,"Addis Ababa, Ethiopia",646.6,146396.4
ADJ,"Amman, Jordan",0.2,0.8
ADK,"Adak Island, AK",126.0,2527.0
ADM,"Ardmore, OK",0.2,0.0
ADQ,"Kodiak, AK",7613.6,82903.0
ADS,"Dallas, TX",69.6,34.4
ADT,"Ada, OK",0.2,1.2
ADW,"Camp Springs, MD",7.4,182.2
AEP,"Buenos Aires, Argentina",0.2,1.6
AER,"Adler/Sochi, Russia",0.2,0.4
AET,"Allakaket, AK",753.8,3042.2
AEX,"Alexandria, LA",3872.0,131985.8
AEY,"Akureyri, Iceland",0.4,2.4
AFW,"Dallas/Fort Worth, TX",6514.0,2828.0
AGA,"Agadir, Morocco",0.2,0.0
AGC,"Pittsburgh, PA",12.2,61.8
AGH,"Angelholm/Helsingborg, Sweden",0.4,0.8
AGN,"Angoon, AK",929.2,2448.2
AGP,"Malaga, Spain",117.8,18173.8
AGS,"Augusta, GA",5098.6,296272.6
AGT,"Ciudad del Este, Paraguay",0.4,0.0
AGU,"Aguascalientes, Mexico",1456.4,74043.2
AHN,"Athens, GA",29.8,994.0
AIA,"Alliance, NE",971.4,4469.4
AID,"Anderson, IN",0.6,0.8
AIK,"Aiken, SC",3.0,10.8
AIN,"Wainwright, AK",1313.6,4794.8
AIZ,"Lake of the Ozarks, MO",0.4,1.2
AJA,"Ajaccio, France",0.2,1.8
AK2,"Bear Fish Camp, AK",0.4,1.0
AK5,"Qugruc, AK",8.2,146.0
AK6,"Gold King 2, AK",3.2,5.2
AK7,"Rampart, AK",6.2,9.8
AKB,"Atka, AK",135.6,302.2
AKC,"Akron, OH",0.2,0.0
AKI,"Akiak, AK",1613.0,3382.6
AKJ,"Asahikawa, Japan",0.2,31.2
AKK,"Akhiok, AK",427.2,876.8
AKL,"Auckland, New Zealand",2046.2,521167.4
AKN,"King Salmon, AK",5876.4,46805.4
AKP,"Anaktuvuk Pass, AK",1229.4,4088.8
AL3,"Huntsville, AL",1.0,9.4
AL7,"Jasper, AL",0.8,1.4
AL8,"Scottsboro, AL",0.2,0.2
AL9,"Sylacauga, AL",0.2,1.2
ALA,"Almaty, Kazakhstan",0.6,0.8
ALB,"Albany, NY",20516.6,1408254.6
ALC,"Alicante, Spain",0.2,0.2
ALG,"Algiers, Algeria",0.2,0.4
ALN,"Alton, IL",0.8,8.0
ALO,"Waterloo, IA",682.2,25610.6
ALS,"Alamosa, CO",1134.8,6080.2
ALW,"Walla Walla, WA",848.2,47428.2
ALZ,"Lazy Bay, AK",106.4,156.8
AMA,"Amarillo, TX",5735.6,356658.8
AMM,"Amman, Jordan",600.0,117461.8
AMS,"Amsterdam, Netherlands",11999.8,2725192.4
AMW,"Ames, IA",1.0,3.4
ANB,"Anniston, AL",27.0,980.2
ANC,"Anchorage, AK",79291.6,2592020.2
AND,"Anderson, SC",3.2,69.4
ANF,"Antofagasta, Chile",0.4,0.0
ANI,"Aniak, AK",5756.8,14111.6
ANP,"Annapolis, MD",0.6,3.2
ANR,"Antwerp, Belgium",4.0,11.2
ANU,"St. Johns, Antigua and Barbuda",1452.8,134324.8
ANV,"Anvik, AK",647.2,1394.6
ANX,"Andeness, Norway",0.2,0.0
AOH,"Lima, OH",2.8,0.0
AOO,"Altoona, PA",1235.6,3389.8
AOS,"Amook Bay, AK",29.6,31.0
APA,"Denver, CO",46.6,113.2
APC,"Napa, CA",194.0,173.8
APF,"Naples, FL",65.8,423.0
APH,"Fort A P Hill, VA",0.6,95.4
APN,"Alpena, MI",862.8,10749.0
APW,"Apia, Samoa",68.4,1954.4
AQY,"Girdwood, AK",39.2,51.4
AR1,"Russellville, AR",0.2,0.4
AR3,"Bentonville, AR",0.2,0.2
ARA,"New Iberia, LA",5.8,172.4
ARB,"Ann Arbor, MI",1.2,5.2
ARC,"Arctic Village, AK",615.2,1972.6
ARN,"Stockholm, Sweden",1708.0,371466.6
ART,"Watertown, NY",672.6,20918.6
ARV,"Minocqua/Woodruff, WI",0.4,0.8
ASD,"Andros Town, The Bahamas",76.4,332.8
ASE,"Aspen, CO",5613.6,264823.8
ASH,"Nashua, NH",1.0,3.0
ASL,"Marshall, TX",0.2,0.2
ASN,"Talladega, AL",6.8,4.8
AST,"Astoria/Seaside, OR",1.4,3.4
ASU,"Asuncion, Paraguay",8.2,897.6
ATH,"Athens, Greece",826.8,202912.4
ATK,"Atqasuk, AK",953.6,3794.8
ATL,"Atlanta, GA",436270.0,51495611.8
ATO,"Athens, OH",1.0,7.0
ATS,"Artesia, NM",0.2,0.0
ATT,"Atmautluak, AK",1973.8,4118.8
ATW,"Appleton, WI",5871.2,309213.8
ATY,"Watertown, SD",514.6,7772.0
AUA,"Aruba, Aruba",5749.2,786075.0
AUG,"Augusta/Waterville, ME",1146.8,5203.0
AUH,"Abu Dhabi, United Arab Emirates",2005.2,536572.4
AUK,"Alakanuk, AK",2647.8,5017.2
AUO,"Auburn, AL",2.4,7.8
AUS,"Austin, TX",64463.6,7150635.4
AUW,"Wausau, WI",0.4,12.0
AUZ,"Aurora, IL",1.2,1.2
AVL,"Asheville, NC",7789.0,535614.0
AVN,"Avignon, France",0.4,0.8
AVP,"Scranton/Wilkes-Barre, PA",5438.6,253737.6
AVW,"Tucson, AZ",1.8,7.0
AWK,"Wake Island, TT",1.6,5.0
AWM,"West Memphis, AR",0.6,2.2
AXA,"The Valley, Anguilla",719.0,5123.8
AXM,"Armenia, Colombia",132.6,18565.8
AXN,"Alexandria, MN",0.4,0.0
AXT,"Akita, Japan",0.2,25.6
AYS,"Waycross, GA",0.4,1.8
AZ1,"Grand Canyon, AZ",2.8,4.4
AZ3,"Glendale, AZ",1.0,5.0
AZ6,"Gila Bend, AZ",0.4,0.0
AZ7,"Colorado City, AZ",3.8,48.0
AZA,"Phoenix, AZ",5545.8,748191.8
AZO,"Kalamazoo, MI",3861.6,145450.8
AZS,"Samana, Dominican Republic",28.4,3279.0
B19,"Biddeford, ME",0.2,0.4
B21,"Carrabassett, ME",0.2,0.4
B2C,"Blind Channel, Canada",0.2,0.2
B4C,"Simoom Sound, Canada",1.0,4.4
BAB,"Marysville, CA",0.2,4.4
BAD,"Shreveport, LA",1.8,91.2
BAF,"Westfield, MA",9.4,719.6
BAH,"Manama, Bahrain",1.6,0.0
BAQ,"Barranquilla, Colombia",672.6,68397.6
BBC,"Bay City, TX",1.8,0.8
BBD,"Brady, TX",2.0,0.0
BBU,"Bucharest, Romania",82.4,4884.8
BBX,"Blue Bell, PA",4.8,14.8
BC2,"Berry Island, Canada",0.2,0.0
BC3,"Bliss Landing, Canada",1.0,1.4
BC5,"Dent Island, Canada",8.2,29.6
BC6,"Egmont, Canada",0.8,1.6
BC7,"Sonora Island, Canada",3.2,9.4
BC9,"Mink Island, Canada",2.6,6.8
BCB,"Blacksburg, VA",0.2,0.4
BCE,"Bryce Canyon, UT",5.0,14.0
BCN,"Barcelona, Spain",2638.4,603563.0
BCT,"Boca Raton, FL",32.4,108.6
BDA,"Hamilton, Bermuda",3350.0,324285.2
BDE,"Baudette, MN",0.2,0.0
BDL,"Hartford, CT",35469.0,3149656.2
BDR,"Bridgeport, CT",15.0,47.8
BDU,"Bardufoss, Norway",0.2,1.0
BDY,"Bandon, OR",0.8,1.6
BED,"Bedford, MA",320.2,6035.0
BEG,"Belgrade, Serbia",137.8,27694.6
BEH,"Benton Harbor/St. Joseph, MI",0.6,3.8
BEL,"Belem, Brazil",184.0,25162.4
BES,"Brest, France",0.2,30.4
BET,"Bethel, AK",36882.6,157435.2
BEY,"Beirut, Lebanon",0.6,3.6
BFB,"Blue Fox Bay, AK",8.8,8.2
BFD,"Bradford, PA",1104.0,3963.2
BFF,"Scottsbluff, NE",894.4,12803.6
BFG,"Glen Canyon, UT",1.6,4.8
BFI,"Seattle, WA",6386.6,16542.2
BFK,"Aurora, CO",0.6,0.4
BFL,"Bakersfield, CA",3185.2,111352.0
BFM,"Mobile, AL",569.6,5612.8
BFP,"Beaver Falls, PA",0.2,0.4
BFS,"Belfast, United Kingdom",176.8,26729.4
BFT,"Beaufort, SC",1.6,41.2
BGA,"Bucaramanga, Colombia",0.2,0.4
BGD,"Borger, TX",1.0,4.8
BGE,"Bainbridge, GA",0.2,0.4
BGI,"Barbados/Bridgetown, Barbados",2176.0,266102.4
BGM,"Binghamton, NY",1498.6,50852.8
BGO,"Bergen, Norway",40.2,5504.8
BGQ,"Big Lake, AK",0.2,0.0
BGR,"Bangor, ME",5300.6,282831.6
BHB,"Bar Harbor, ME",1036.0,8324.0
BHD,"Belfast, United Kingdom",1.8,5.8
BHM,"Birmingham, AL",20209.2,1435074.6
BHX,"Birmingham, United Kingdom",315.2,44647.4
BID,"Block Island, RI",3898.8,15762.6
BIF,"El Paso, TX",24.2,1530.6
BIG,"Big Delta, AK",0.4,0.2
BIH,"Bishop, CA",245.2,1.6
BIK,"Biak, Indonesia",0.2,0.8
BIL,"Billings, MT",10756.8,434202.0
BIM,"Bimini, The Bahamas",624.4,10812.8
BIO,"Bilbao, Spain",1.8,13.8
BIQ,"Biarritz, France",0.6,3.2
BIS,"Bismarck/Mandan, ND",5201.4,282632.4
BIV,"Bria, Central African Republic",0.2,0.0
BJC,"Broomfield, CO",48.6,346.2
BJI,"Bemidji, MN",1219.2,28029.4
BJJ,"Wooster, OH",0.2,0.8
BJL,"Banjul, The Gambia",0.8,9.2
BJV,"Bodrum, Turkey",0.2,2.4
BJX,"Leon/Guanajuato, Mexico",4348.6,278757.8
BKC,"Buckland, AK",1674.2,5369.6
BKG,"Branson, MO",184.2,10807.0
BKK,"Bangkok, Thailand",2.4,0.0
BKL,"Cleveland, OH",453.0,9619.4
BKO,"Bamako, Mali",0.2,0.6
BKW,"Beckley, WV",1023.4,5315.8
BKX,"Brookings, SD",0.2,0.8
BLA,"Barcelona, Venezuela",410.6,55733.8
BLD,"Boulder City, NV",7549.2,82246.2
BLF,"Princeton/Bluefield, WV",0.6,2.2
BLI,"Bellingham, WA",4903.8,386030.4
BLK,"Blackpool, United Kingdom",0.2,0.8
BLL,"Billund, Denmark",2.0,5.4
BLM,"Belmar/Farmingdale, NJ",10.6,30.6
BLQ,"Bologna, Italy",13.2,1752.4
BLV,"Belleville, IL",736.0,108207.0
BMA,"Stockholm, Sweden",9.4,24.6
BMC,"Brigham City, UT",0.6,1.4
BMG,"Bloomington, IN",46.2,1999.0
BMI,"Bloomington/Normal, IL",3657.8,185583.2
BML,"Berlin, NH",0.6,0.6
BMX,"Big Mountain, AK",0.2,0.2
BNA,"Nashville, TN",76379.6,7352680.2
BNE,"Brisbane, Australia",947.8,239813.0
BNF,"Baranof, AK",9.6,12.4
BOD,"Bordeaux, France",1.4,5.4
BOG,"Bogota, Colombia",11423.2,1141123.2
BOH,"Bournemouth, United Kingdom",0.6,1.2
BOI,"Boise, ID",24671.0,1812832.6
BOJ,"Burgas, Bulgaria",0.6,0.0
BOK,"Brookings, OR",0.6,0.0
BOM,"Mumbai, India",711.4,184795.6
BON,"Bonaire, Bonaire, Sint Eustatius, and Saba",251.4,32032.4
BOS,"Boston, MA",186031.4,18761236.4
BPT,"Beaumont/Port Arthur, TX",844.6,28215.8
BQH,"London, United Kingdom",8.0,30.4
BQK,"Brunswick, GA",1016.0,37612.2
BQN,"Aguadilla, PR",4764.6,276145.2
BRD,"Brainerd, MN",789.8,20619.6
BRE,"Bremen, Germany",0.4,3.0
BRG,"Whitesburg, KY",0.2,0.4
BRI,"Bari, Italy",0.6,74.8
BRL,"Burlington, IA",1460.8,7585.6
BRN,"Berne, Switzerland",1.4,4.0
BRO,"Brownsville, TX",3210.4,125262.4
BRQ,"Brno, Czech Republic",0.6,0.0
BRS,"Bristol, United Kingdom",15.6,3792.2
BRU,"Brussels, Belgium",2642.4,491078.2
BRW,"Barrow, AK",4444.2,66009.0
BS1,"Goat Cay, The Bahamas",11.8,10.2
BS2,"Pig Beach, The Bahamas",0.4,1.6
BS3,"Baker Bay, The Bahamas",73.6,201.0
BSB,"Brasilia, Brazil",580.2,86534.8
BSL,"Mulhouse, France",2.2,15.2
BTI,"Barter Island, AK",740.0,3320.8
BTL,"Battle Creek, MI",15.2,8.4
BTM,"Butte, MT",685.6,26505.2
BTP,"Butler, PA",0.8,2.6
BTR,"Baton Rouge, LA",8062.8,381676.6
BTS,"Bratislava, Slovakia",1.2,3.6
BTT,"Bettles, AK",839.8,3222.0
BTV,"Burlington, VT",11298.6,619998.6
BUD,"Budapest, Hungary",161.6,27571.2
BUF,"Buffalo, NY",30134.4,2407951.0
BUR,"Burbank, CA",29118.8,2486762.4
BVO,"Bartlesville, OK",0.8,1.2
BVU,"Beluga, AK",1006.0,1450.2
BVY,"Beverly, MA",19.0,49.2
BWC,"Brawley, CA",0.2,1.8
BWD,"Brownwood, TX",260.4,0.0
BWE,"Braunschweig, Germany",0.4,1.0
BWG,"Bowling Green, KY",121.0,1462.0
BWI,"Baltimore, MD",114925.2,12992428.4
BXS,"Borrego Springs, CA",0.2,0.8
BYA,"Boundary, AK",0.4,0.4
BYH,"Blytheville, AR",2.4,0.4
BYW,"Blakely Island, WA",1.0,2.0
BZE,"Belize City, Belize",2871.6,333204.6
BZN,"Bozeman, MT",7739.8,624650.2
BZZ,"Brize Norton, United Kingdom",2.4,2.8
C01,"Camarillo, CA",10.0,36.2
CA5,"Calgary, Canada",0.6,1.4
CA9,"Steep Island, Canada",0.2,1.4
CAD,"Cadillac, MI",0.2,0.2
CAE,"Columbia, SC",12392.4,574081.2
CAG,"Cagliari, Italy",0.2,1.4
CAI,"Cairo, Egypt",349.0,89784.2
CAK,"Akron, OH",9586.4,588065.0
CAN,"Guangzhou, China",1527.0,394066.8
CAP,"Cap-Haitien, Haiti",378.0,39015.4
CAY,"Cayenne, French Guiana",1.0,19.0
CBA,"Corner Bay, AK",3.6,6.2
CBE,"Cumberland, MD",0.6,0.8
CBF,"Council Bluffs, IA",0.2,0.4
CBM,"Columbus, MS",0.4,33.4
CCC,"Cayo Coco, Cuba",6.4,20.2
CCR,"Concord, CA",373.6,6698.0
CCS,"Caracas, Venezuela",2106.6,240955.0
CCZ,"Chub Cay, The Bahamas",108.0,639.6
CDB,"Cold Bay, AK",1922.2,10103.6
CDC,"Cedar City, UT",929.8,16958.8
CDG,"Paris, France",16293.8,3636363.0
CDL,"Candle, AK",16.8,17.8
CDR,"Chadron, NE",972.2,4695.0
CDV,"Cordova, AK",1289.8,36145.4
CDW,"Caldwell, NJ",2.2,4.2
CEB,"Lapu-Lapu City, Philippines",39.0,5255.0
CEC,"Crescent City, CA",792.8,7259.0
CEF,"Chicopee Falls, MA",15.2,775.2
CEL,"Cape Eleuthera, The Bahamas",0.2,0.8
CEM,"Central, AK",230.6,172.4
CEQ,"Cannes, France",0.4,1.0
CEU,"Clemson, SC",2.0,8.0
CEV,"Connersville, IN",0.2,0.0
CEW,"Crestview, FL",1.2,5.4
CEX,"Chena Hot Springs, AK",0.2,0.2
CEY,"Murray, KY",0.4,0.8
CEZ,"Cortez, CO",1081.2,6365.4
CFG,"Cienfuegos, Cuba",161.2,9752.8
CFR,"Caen, France",0.2,2.6
CFT,"Clifton, AZ",2.6,13.4
CGA,"Craig, AK",1107.0,2062.0
CGE,"Cambridge, MD",0.8,2.8
CGF,"Cleveland, OH",22.4,63.0
CGI,"Cape Girardeau, MO",1012.6,8769.0
CGN,"Cologne, Germany",1341.2,19518.8
CGO,"Zhengzhou, China",284.8,0.0
CGQ,"Changchun, China",1.4,190.4
CGS,"College Park, MD",0.6,0.2
CHA,"Chattanooga, TN",9045.0,478000.4
CHC,"Christchurch, New Zealand",0.4,0.2
CHD,"Chandler, AZ",13.6,664.6
CHI,"Chicago, IL",2.8,0.0
CHO,"Charlottesville, VA",7594.8,329293.2
CHP,"Circle Hot Springs, AK",0.4,0.2
CHR,"Chateauroux, France",1.8,0.0
CHS,"Charleston, SC",24767.2,2015493.4
CHU,"Chuathbaluk, AK",423.0,514.2
CHZ,"Chiloquin, OR",2.4,0.0
CIA,"Rome, Italy",5.0,34.2
CIC,"Chico, CA",256.0,2.4
CID,"Cedar Rapids/Iowa City, IA",11721.8,591366.0
CIG,"Craig, CO",10.2,0.0
CIK,"Chalkyitsik, AK",421.0,922.6
CIL,"Council, AK",0.2,0.2
CIU,"Sault Ste. Marie, MI",921.4,22677.2
CIW,"Canouan, Saint Vincent and the Grenadines",4.4,22.0
CIY,"Comiso, Italy",0.2,1.4
CJR,"Culpeper, VA",0.4,1.8
CJS,"Ciudad Juarez, Mexico",1.2,0.0
CJU,"Jeju, South Korea",3.4,172.0
CKB,"Clarksburg/Fairmont, WV",922.0,31662.4
CKD,"Crooked Creek, AK",427.6,490.8
CKE,"Clear Lake, CA",0.6,4.8
CKG,"Chongqing, China",95.6,16433.4
CKM,"Clarksdale, MS",0.2,0.2
CKU,"Cordova, AK",2.0,4.0
CKV,"Clarksville, TN",1.8,3.0
CKX,"Chicken, AK",90.2,27.4
CLD,"Carlsbad, CA",239.0,4369.6
CLE,"Cleveland, OH",52991.6,4449682.0
CLF,"Clear, AK",0.2,0.0
CLL,"College Station/Bryan, TX",2565.0,82465.4
CLM,"Port Angeles, WA",527.4,11.0
CLO,"Cali, Colombia",805.4,98514.2
CLP,"Clarks Point, AK",392.4,699.0
CLT,"Charlotte, NC",257268.0,22567735.0
CLU,"Columbus, IN",15.4,2.8
CMA,"Cunnamulla, Australia",0.2,0.8
CMB,"Colombo, Sri Lanka",26.4,0.0
CME,"Ciudad del Carmen, Mexico",152.8,3214.0
CMF,"Chambery, France",0.2,1.4
CMH,"Columbus, OH",48624.6,3795813.2
CMI,"Champaign/Urbana, IL",2606.8,99090.6
CMN,"Casablanca, Morocco",572.6,117270.4
CMW,"Camaguey, Cuba",676.2,55867.6
CMX,"Hancock/Houghton, MI",943.4,25002.2
CN2,"Nimmo Bay, Canada",0.6,2.4
CN4,"Princess Lousia Inlet, Canada",0.8,2.8
CN6,"Shawl Bay, Canada",0.2,0.0
CN9,"Sointula, Canada",0.8,3.0
CND,"Constanta, Romania",0.6,33.6
CNF,"Belo Horizonte, Brazil",332.4,57066.8
CNM,"Carlsbad, NM",731.6,3815.2
CNO,"Chino, CA",23.8,4.6
CNS,"Cairns, Australia",15.8,1016.2
CNW,"Waco, TX",0.2,0.4
CNY,"Moab, UT",734.0,7960.0
CO1,"Monte Vista, CO",13.2,80.2
CO6,"Buena, CO",0.6,2.6
COD,"Cody, WY",1284.4,38783.8
COE,"Coeur d'Alene, ID",59.2,35.0
COF,"Cocoa Beach, FL",1.6,0.0
COM,"Coleman, TX",0.8,0.0
CON,"Concord, NH",5.0,16.6
COO,"Cotonou, Benin",0.2,1.8
COR,"Cordoba, Argentina",42.8,7080.2
COS,"Colorado Springs, CO",10792.8,778503.0
COT,"Cotulla, TX",0.2,0.0
COU,"Columbia, MO",2130.2,93826.2
CPH,"Copenhagen, Denmark",2557.0,506942.4
CPR,"Casper, WY",3909.0,96550.0
CPS,"St. Louis, MO",87.4,3223.8
CPT,"Cape Town, South Africa",1.4,259.0
CPX,"Culebra, PR",5858.6,25544.0
CRE,"Myrtle Beach, SC",1.2,5.6
CRG,"Jacksonville, FL",0.2,0.4
CRK,"Luzon Island, Philippines",0.2,0.0
CRP,"Corpus Christi, TX",5680.6,334523.8
CRQ,"Caravelas, Brazil",0.4,0.4
CRS,"Corsicana, TX",0.2,0.0
CRW,"Charleston/Dunbar, WV",5673.4,217177.0
CSG,"Columbus, GA",1639.0,50160.0
CSL,"Cabo San Lucas, Mexico",26.6,54.6
CSM,"Clinton, OK",0.8,122.8
CSN,"Carson City, NV",11.4,0.0
CSV,"Crossville, TN",0.2,0.0
CSX,"Changsha, China",118.2,13560.6
CT1,"Plainville, CT",1.2,3.6
CT2,"Simsbury, CT",0.2,0.2
CT6,"East Haddam, CT",0.2,0.4
CT7,"Chester, CT",0.2,0.2
CTA,"Catania, Italy",0.8,5.2
CTB,"Cut Bank, MT",22.4,0.0
CTG,"Cartagena, Colombia",1512.8,182034.4
CTH,"Coatesville, PA",5.2,16.4
CTS,"Sapporo, Japan",221.6,35270.4
CTU,"Chengdu, China",297.2,50882.4
CTX,"Cortland, NY",0.6,1.4
CTZ,"Clinton, NC",0.6,0.0
CUB,"Columbia, SC",0.2,0.4
CUL,"Culiacan, Mexico",48.8,4628.6
CUN,"Cancun, Mexico",31533.2,4430142.4
CUR,"Willemstad, Curacao",1316.8,119599.4
CUU,"Chihuahua, Mexico",1428.2,46299.6
CUW,"Cube Cove, AK",0.4,0.0
CVG,"Cincinnati, OH",66947.4,3784670.6
CVJ,"Cuernavaca, Mexico",0.8,29.2
CVN,"Clovis, NM",922.4,4981.6
CVO,"Corvallis, OR",550.6,1.2
CVS,"Clovis, NM",0.2,5.0
CVT,"Coventry, United Kingdom",0.2,0.4
CWA,"Mosinee, WI",3489.6,125826.8
CWB,"Curitiba, Brazil",1.2,46.6
CWF,"Lake Charles, LA",2.8,174.6
CWI,"Clinton, IA",0.4,2.0
CWL,"Cardiff, United Kingdom",0.8,119.4
CXF,"Coldfoot, AK",1447.8,6914.8
CXH,"Vancouver, Canada",430.4,1323.0
CXI,"Christmas Island, Kiribati",57.8,1951.4
CXL,"Calexico, CA",4.2,27.2
CXO,"Conroe, TX",1.8,3.6
CXY,"Cat Cay, The Bahamas",83.4,273.6
CYB,"Cayman Brac, Cayman Islands",11.4,658.8
CYF,"Chefornak, AK",2387.0,6412.2
CYM,"Chatham, AK",9.4,3.4
CYS,"Cheyenne, WY",449.4,11951.4
CYT,"Cape Yakataga, AK",1.2,0.0
CZF,"Cape Romanzof, AK",46.8,76.6
CZM,"Cozumel, Mexico",1497.0,167641.2
CZN,"Chisana, AK",108.8,77.0
DAB,"Daytona Beach, FL",3297.2,341750.2
DAC,"Dhaka, Bangladesh",0.2,0.0
DAG,"Daggett, CA",0.2,0.0
DAL,"Dallas, TX",69852.6,7952105.6
DAN,"Danville, VA",0.2,0.8
DAY,"Dayton, OH",17659.8,943307.0
DBQ,"Dubuque, IA",990.0,38789.8
DBV,"Dubrovnik, Croatia",11.0,1963.2
DCA,"Washington, DC",143540.2,11472927.4
DCF,"Roseau, Dominica",1.0,0.0
DCK,"Dahl Creek, AK",61.0,175.0
DCU,"Decatur, AL",6.8,3.8
DDC,"Dodge City, KS",685.8,3095.0
DE2,"Middletown, DE",1.2,6.2
DE3,"Dover-Cheswold, DE",0.6,2.4
DEC,"Decatur, IL",1828.4,8524.0
DEL,"Delhi, India",1414.8,360967.6
DEN,"Denver, CO",280893.6,30204850.4
DET,"Detroit, MI",7.2,26.4
DFW,"Dallas/Fort Worth, TX",329119.4,32777698.0
DGB,"Danger Bay, AK",28.6,33.6
DGO,"Durango, Mexico",228.0,20294.8
DHB,"Deer Harbor, WA",3.2,9.2
DHF,"Al Dhafra, United Arab Emirates",0.2,0.0
DHN,"Dothan, AL",1567.2,51117.8
DIJ,"Dijon, France",0.4,1.2
DIK,"Dickinson, ND",1009.6,24858.0
DIO,"Diomede Island, AK",44.6,88.2
DJN,"Delta Junction, AK",9.8,8.0
DKK,"Dunkirk, NY",0.2,0.4
DKR,"Dakar, Senegal",195.8,28731.0
DLC,"Dalian, China",0.4,58.4
DLF,"Del Rio, TX",4.4,0.0
DLG,"Dillingham, AK",5655.6,34533.8
DLH,"Duluth, MN",3149.8,135003.0
DLO,"Dolomi, AK",0.4,1.2
DLS,"The Dalles, OR",0.6,3.4
DMA,"Tucson, AZ",2.8,161.4
DME,"Moscow, Russia",104.2,14128.2
DMM,"Dammam, Saudi Arabia",0.4,0.0
DMN,"Deming, NM",6.8,32.2
DNA,"Okinawa, Japan",5.2,100.8
DND,"Dundee, United Kingdom",0.2,0.0
DNL,"Augusta, GA",0.4,2.4
DNN,"Dalton, GA",0.6,1.4
DOF,"Dora Bay, AK",40.8,34.2
DOH,"Doha, Qatar",4027.4,913888.4
DOL,"Deauville, France",0.2,0.2
DOM,"Marigot, Dominica",496.2,6988.2
DON,"Dos Lagunas, Guatemala",0.2,0.0
DOV,"Dover, DE",34.6,362.2
DPA,"Chicago, IL",50.2,88.4
DQG,"Springfield, TN",2.4,5.2
DQH,"Alpine, AK",61.8,0.0
DQK,"Fort Drum, NY",13.2,1227.0
DQL,"Anchorage, AK",377.4,1428.0
DQN,"New Smyrna Beach, FL",0.4,1.4
DQP,"Georgetown, KY",0.6,0.0
DQS,"Whitmore, AZ",929.4,7948.4
DQU,"Ketchikan, AK",513.2,3093.0
DQV,"Haines, AK",1.2,1.4
DQY,"Cape Canaveral, FL",0.2,0.0
DRF,"Drift River, AK",1.8,0.0
DRG,"Deering, AK",1071.8,3268.0
DRO,"Durango, CO",4626.6,189465.6
DRT,"Del Rio, TX",732.2,5187.4
DRW,"Darwin, Australia",1.0,24.8
DSA,"Finningley, United Kingdom",14.8,1047.4
DSI,"Destin, FL",142.2,602.0
DSM,"Des Moines, IA",17997.4,1294748.0
DSS,"Dakar Thies, Senegal",96.2,16401.0
DTH,"Death Valley, CA",0.2,2.2
DTO,"Denton, TX",15.4,8.4
DTR,"Decatur Island, WA",5.8,20.2
DTT,"Detroit, MI",0.2,0.2
DTW,"Detroit, MI",189666.0,17219892.6
DUA,"Durant, OK",1.0,3.4
DUB,"Dublin, Ireland",6562.6,1393939.2
DUD,"Dunedin, New Zealand",0.4,0.4
DUJ,"DuBois, PA",1390.0,4776.0
DUS,"Dusseldorf, Germany",1734.4,374408.0
DUT,"Unalaska, AK",2542.4,30319.8
DVL,"Devils Lake, ND",585.8,9818.2
DVT,"Phoenix, AZ",3.8,4.6
DWA,"Davis/Woodland/Winters, CA",0.4,1.0
DWC,"Jebel Ali, United Arab Emirates",0.6,7.6
DWH,"Houston, TX",70.2,292.0
DXB,"Dubai, United Arab Emirates",5152.8,1569595.0
DXR,"Danbury, CT",10.6,30.0
DYL,"Doylestown, PA",0.2,0.6
DYR,"Anadyr, Russia",11.0,106.2
DYS,"Abilene, TX",0.4,16.8
DYU,"Dushanbe, Tajikistan",0.2,6.0
EAA,"Eagle, AK",268.2,584.6
EAR,"Kearney, NE",787.0,7964.4
EAT,"Wenatchee, WA",1656.4,62364.0
EAU,"Eau Claire, WI",711.2,22549.0
ECG,"Elizabeth City, NC",77.0,634.8
ECP,"Panama City, FL",5287.2,496882.6
ECS,"Newcastle, WY",0.2,0.6
ECU,"Rocksprings, TX",0.2,0.0
EDA,"Edna Bay, AK",192.8,204.6
EDE,"Edenton, NC",0.2,1.2
EDF,"Anchorage, AK",20.4,84.0
EDI,"Edinburgh, United Kingdom",1208.0,169344.2
EDW,"Edwards, CA",0.4,5.0
EEK,"Eek, AK",2468.4,5769.8
EEN,"Keene, NH",7.2,24.8
EFD,"Houston, TX",12.8,976.4
EFK,"Newport, VT",0.6,2.2
EFL,"Kefallinia Island, Greece",0.6,4.6
EGE,"Eagle, CO",2143.6,168338.8
EGP,"Eagle Pass, TX",0.2,0.0
EGV,"Eagle River, WI",6.6,14.6
EGX,"Egegik, AK",616.0,1071.4
EHM,"Cape Newenham, AK",49.4,71.4
EHR,"Eagle Harbor, AK",6.4,7.6
EIL,"Fairbanks, AK",5.8,327.0
EIN,"Eindhoven, Netherlands",0.8,3.0
EIS,"Road Town, British Virgin Islands",4214.6,36086.4
EKA,"Eureka, CA",382.2,0.0
EKI,"Elkhart, IN",0.2,1.0
EKO,"Elko, NV",787.0,16798.2
EKX,"Elizabethtown, KY",1.0,0.0
EKY,"Bessemer, AL",0.6,1.6
ELD,"El Dorado, AR",806.0,3127.6
ELH,"North Eleuthera, The Bahamas",1306.0,37481.8
ELI,"Elim, AK",1502.2,4565.2
ELM,"Elmira/Corning, NY",3146.8,143899.0
ELN,"Ellensburg, WA",1.0,0.0
ELP,"El Paso, TX",20041.0,1556192.8
ELV,"Elfin Cove, AK",411.2,745.6
ELY,"Ely, NV",0.2,1.6
EMA,"Derby, United Kingdom",366.4,6096.2
EMD,"Emerald, Australia",0.2,2.0
EMK,"Emmonak, AK",5092.4,9279.2
EMT,"El Monte, CA",0.2,1.0
ENA,"Kenai, AK",8705.4,94797.6
ENL,"Centralia, IL",0.2,0.8
ENN,"Nenana, AK",11.2,82.0
ENQ,"Comayagua, Honduras",0.2,8.8
ENV,"Wendover, UT",290.6,38249.0
ENW,"Kenosha, WI",3.8,11.0
ERF,"Erfurt, Germany",1.0,3.4
ERI,"Erie, PA",2368.2,92923.0
ERV,"Kerrville, TX",1.0,8.8
ESB,"Ankara, Turkey",0.2,19.0
ESC,"Escanaba, MI",870.6,17356.6
ESD,"Eastsound, WA",2277.4,6615.2
ESE,"Ensenada, Mexico",0.2,0.8
ESF,"Alexandria, LA",0.2,0.0
ESN,"Easton, MD",4.6,15.6
EUG,"Eugene, OR",8946.4,525608.8
EVN,"Yerevan, Armenia",0.2,0.6
EVV,"Evansville, IN",5345.8,218840.0
EWB,"New Bedford/Fall River, MA",1459.6,6476.4
EWK,"Newton, KS",0.4,1.2
EWN,"New Bern/Morehead/Beaufort, NC",2996.2,110384.8
EWR,"Newark, NJ",208791.6,21298500.4
EXI,"Excursion Inlet, AK",205.2,214.2
EXT,"Exeter, United Kingdom",0.2,1.2
EYW,"Key West, FL",10028.0,416013.2
EZE,"Ezeiza, Argentina",3902.4,843764.6
F70,"Murrieta/Temecula, CA",3.0,5.6
FAB,"Farnborough, United Kingdom",51.0,163.2
FAI,"Fairbanks, AK",19141.6,563178.6
FAO,"Faro, Portugal",1.8,37.2
FAQ,"Fitiuta Village, TT",203.2,2451.4
FAR,"Fargo, ND",8905.2,432133.8
FAT,"Fresno, CA",12597.0,807558.2
FAY,"Fayetteville, NC",4555.8,227287.4
FBK,"Fairbanks, AK",181.8,492.0
FBS,"Friday Harbor, WA",40.6,126.2
FCA,"Kalispell, MT",4386.6,284415.4
FCM,"Minneapolis, MN",2.0,6.0
FCO,"Rome, Italy",4838.0,1108952.0
FDF,"Fort de France, Martinique",520.8,28626.0
FDH,"Friedrichshafen, Germany",1.0,2.6
FDK,"Frederick, MD",1.0,2.6
FDY,"Findlay, OH",1.8,3.4
FET,"Fremont, NE",0.6,0.0
FEZ,"Fez, Morocco",0.4,20.2
FFD,"Fairford, United Kingdom",0.2,0.0
FFO,"Dayton, OH",0.8,13.2
FFT,"Frankfort, KY",0.6,1.2
FGI,"Apia, Samoa",4092.8,40466.0
FHB,"Fernandina Beach, FL",0.8,1.8
FHU,"Fort Huachuca, AZ",0.4,25.8
FID,"Fishers Island, NY",31.0,158.4
FKB,"Karlsruhe/Baden-Baden, Germany",3.0,10.4
FKL,"Franklin/Oil City, PA",834.4,1725.4
FKS,"Fukushima, Japan",0.8,119.0
FL1,"Zephyrhills, FL",0.2,0.6
FL7,"Placida, FL",0.2,0.0
FL8,"Deland, FL",0.2,0.6
FLG,"Flagstaff, AZ",2218.8,78208.6
FLL,"Fort Lauderdale, FL",128147.0,15833526.8
FLN,"Florianopolis, Brazil",0.2,1.4
FLO,"Florence, SC",1362.8,45922.6
FLR,"Florence, Italy",1.0,4.8
FLT,"Flat, AK",5.8,13.8
FLX,"Fallon, NV",0.2,0.0
FME,"Fort Meade, MD",0.4,1.4
FMH,"Falmouth, MA",0.0,0.0
FMN,"Farmington, NM",1477.6,1939.8
FMO,"Greven, Germany",0.4,0.6
FMY,"Fort Myers, FL",3.8,8.8
FNA,"Freetown, Sierra Leone",0.6,1.6
FNC,"Funchal, Portugal",0.6,43.2
FNL,"Fort Collins/Loveland, CO",39.4,3399.4
FNR,"Funter Bay Alaska, AK",40.2,13.6
FNT,"Flint, MI",5744.6,375958.4
FOC,"Fuzhou, China",90.4,22002.4
FOD,"Fort Dodge, IA",1416.6,7363.6
FOE,"Topeka, KS",45.8,3632.0
FOK,"Westhampton, NY",83.0,241.2
FOR,"Fortaleza, Brazil",168.6,28073.8
FPO,"Freeport, The Bahamas",2660.4,102528.6
FPR,"Fort Pierce, FL",13.2,45.8
FQL,"Flora, IL",0.2,0.4
FQW,"Fort Glenn, AK",10.2,19.8
FRA,"Frankfurt, Germany",14440.0,3446665.6
FRD,"Friday Harbor, WA",2534.0,9992.8
FRG,"East Farmingdale, NY",260.2,4669.4
FRY,"Fryeburg, ME",1.8,6.0
FSC,"Figari, France",0.4,2.4
FSD,"Sioux Falls, SD",10118.0,533436.8
FSI,"Fort Sill, OK",0.4,0.0
FSM,"Fort Smith, AR",2078.6,86859.2
FST,"Ft. Stockton, TX",0.2,1.2
FSZ,"Shizuoka, Japan",1.2,143.8
FTG,"Denver, CO",1.4,6.4
FTW,"Dallas/Fort Worth, TX",29.8,1621.8
FTY,"Atlanta, GA",11.4,58.0
FUK,"Fukuoka, Japan",614.6,81234.2
FVG,"Wickenburg, AZ",0.2,0.2
FVO,"Aurora, OR",1.0,0.6
FVQ,"Donlin Creek Mine, AK",28.0,44.0
FVT,"Latacunga, Ecuador",39.0,0.0
FVX,"Grace Harbor, AK",1.8,0.6
FVZ,"Deadhorse, AK",0.6,0.8
FWA,"Fort Wayne, IN",8608.4,371700.4
FWH,"Fort Worth, TX",1.2,63.6
FWL,"Farewell, AK",7.2,6.4
FXE,"Fort Lauderdale, FL",281.6,1663.6
FYU,"Fort Yukon, AK",2680.2,10867.8
FYV,"Fayetteville, AR",12.6,497.6
GA0,"Eastman, GA",0.4,0.0
GA2,"Carrollton, GA",0.4,1.2
GA3,"Atlanta, GA",0.6,2.0
GA5,"Thomson, GA",0.8,0.2
GA6,"Canton, GA",0.6,1.0
GA7,"Greensboro, GA",0.6,2.0
GA8,"Monroe, GA",0.4,1.6
GA9,"Cartersville, GA",0.4,1.4
GAD,"Gadsden, AL",0.4,0.0
GAI,"Gaithersburg, MD",8.4,21.4
GAL,"Galena, AK",3096.4,12890.8
GAM,"Gambell, AK",1331.6,5154.8
GBD,"Great Bend, KS",42.6,33.8
GBH,"Galbraith Lake, AK",61.6,766.2
GBR,"Great Barrington, MA",2.0,4.8
GCC,"Gillette, WY",944.0,29034.2
GCK,"Garden City, KS",1000.6,26245.8
GCM,"Grand Cayman, Cayman Islands",4739.8,466267.0
GCN,"Grand Canyon, AZ",6893.0,90293.6
GCY,"Greeneville, TN",0.4,0.2
GDC,"Greenville, SC",45.4,5.6
GDL,"Guadalajara, Mexico",15788.4,1749590.2
GDV,"Glendive, MT",740.4,2496.2
GED,"Georgetown, DE",2.4,7.6
GEG,"Spokane, WA",24268.2,1728700.4
GEK,"Ganes Creek, AK",7.4,1.6
GEO,"Georgetown, Guyana",857.4,99301.4
GEY,"Greybull, WY",0.2,0.0
GFK,"Grand Forks, ND",3032.2,126156.6
GFL,"Glens Falls, NY",5.6,17.2
GGE,"Georgetown, SC",1.0,1.6
GGG,"Longview, TX",764.0,23977.2
GGT,"Moss Town, The Bahamas",1009.4,48700.0
GGW,"Glasgow, MT",718.8,3710.6
GHB,"Governors Harbour, The Bahamas",132.4,2413.2
GHC,"Great Harbour Cay, The Bahamas",96.0,341.0
GIB,"Gibraltar, Gibraltar",0.4,1.8
GIG,"Rio de Janeiro, Brazil",1984.6,391113.2
GJT,"Grand Junction, CO",5151.8,235516.4
GKE,"Geilenkirchen, Germany",0.2,2.0
GKN,"Gulkana, AK",325.0,334.0
GLA,"Glasgow, United Kingdom",650.4,123697.2
GLF,"Golfito, Costa Rica",0.4,2.4
GLH,"Greenville, MS",788.0,4345.0
GLR,"Gaylord, MI",4.8,1.4
GLV,"Golovin, AK",1324.6,4147.6
GML,"Kiev, Ukraine",0.4,0.0
GMP,"Seoul, South Korea",3.0,13.2
GMT,"Granite Mountain, AK",0.2,0.0
GMU,"Greenville, SC",0.6,2.6
GND,"Grenada, Grenada",715.0,82936.6
GNU,"Goodnews Bay, AK",951.8,1456.6
GNV,"Gainesville, FL",4618.4,229293.2
GOA,"Genoa, Italy",1.2,5.6
GOJ,"Nizhniy Novgorod, Russia",0.2,0.0
GON,"New London/Groton, CT",9.6,31.2
GOT,"Gothenburg, Sweden",2.4,42.0
GPM,"Grand Prairie, TX",0.8,0.0
GPT,"Gulfport/Biloxi, MS",4913.2,336603.8
GQQ,"Galion, OH",0.2,0.6
GRB,"Green Bay, WI",5985.6,308322.8
GRF,"Tacoma, WA",0.2,0.0
GRI,"Grand Island, NE",1432.0,66863.6
GRK,"Killeen, TX",3513.6,141437.8
GRQ,"Groningen, Netherlands",0.2,0.4
GRR,"Grand Rapids, MI",20929.0,1501876.2
GRS,"Grosseto, Italy",0.4,3.8
GRU,"Sao Paulo, Brazil",6602.0,1514060.4
GRZ,"Graz, Austria",0.2,0.0
GSB,"Goldsboro, NC",1.4,1.6
GSE,"Gothenburg, Sweden",1.0,1.2
GSH,"Goshen, IN",3.4,1.6
GSO,"Greensboro/High Point, NC",19371.2,925678.2
GSP,"Greer, SC",17174.4,1092760.2
GST,"Gustavus, AK",2136.2,10351.2
GTB,"Genting, Malaysia",0.0,0.0
GTF,"Great Falls, MT",5489.4,180165.8
GTR,"Columbus, MS",1069.2,43765.6
GTU,"Georgetown, TX",0.2,1.6
GTY,"Gettysburg, PA",1.4,5.0
GUA,"Guatemala City, Guatemala",5443.2,632300.8
GUC,"Gunnison, CO",707.0,34791.0
GUF,"Gulf Shores, AL",1.0,9.2
GUM,"Guam, TT",12106.6,1528605.8
GUP,"Gallup, NM",581.6,1.0
GUS,"Peru, IN",19.6,0.0
GVA,"Geneva, Switzerland",1030.8,145315.0
GVL,"Gainesville, GA",1.4,3.4
GVQ,"Batavia, NY",1.0,3.2
GVT,"Greenville, TX",0.2,14.0
GWO,"Greenwood, MS",0.8,2.2
GYD,"Baku, Azerbaijan",215.8,14437.4
GYE,"Guayaquil, Ecuador",1697.8,274350.4
GYR,"Goodyear, AZ",7.8,14.2
GYY,"Gary, IN",100.4,957.8
HAF,"Half Moon Bay, CA",0.4,0.6
HAJ,"Hannover, Germany",1.0,30.4
HAM,"Hamburg, Germany",183.4,26187.6
HAN,"Hanoi, Vietnam",20.4,20.8
HAO,"Hamilton, OH",0.8,6.6
HAR,"Harrisburg, PA",1.4,4.2
HAV,"Havana, Cuba",5778.2,627795.0
HBG,"Hattiesburg, MS",1.4,7.0
HBH,"Hobart Bay, AK",1.6,2.2
HBI,"Harbour Island, The Bahamas",2.8,7.6
HCB,"Shoal Cove, AK",0.4,0.0
HCR,"Holy Cross, AK",1026.6,2127.0
HDE,"Holdrege, NE",0.2,0.0
HDN,"Hayden, CO",1917.6,101167.6
HEL,"Helsinki, Finland",670.8,162035.4
HER,"Heraklion, Greece",0.2,0.4
HES,"Hermiston, OR",0.4,2.4
HFD,"Hartford, CT",4.6,12.4
HFE,"Hefei, China",20.0,0.0
HGH,"Hangzhou, China",229.6,33113.0
HGR,"Hagerstown, MD",1218.6,26149.2
HGZ,"Hogatza, AK",2.6,5.0
HHH,"Hilton Head, SC",1390.0,48329.2
HHN,"Hahn, Germany",145.2,173.2
HHR,"Hawthorne, CA",304.6,1095.6
HIB,"Hibbing, MN",779.0,19593.8
HIE,"Whitefield, NH",1.0,4.2
HIF,"Ogden, UT",1.2,0.0
HII,"Lake Havasu City, AZ",506.2,3.4
HIJ,"Hiroshima, Japan",3.2,421.8
HIK,"Honolulu, HI",20.2,216.0
HIO,"Hillsboro, OR",35.2,12.8
HKB,"Healy, AK",95.0,141.4
HKD,"Hakodate, Japan",0.6,159.0
HKG,"Hong Kong, Hong Kong",12458.2,1725152.6
HKS,"Jackson, MS",7.0,0.4
HKY,"Hickory, NC",18.8,722.2
HLG,"Wheeling, WV",0.2,1.2
HLI,"Hollister, CA",0.8,0.0
HLM,"Holland, MI",10.6,2.2
HLN,"Helena, MT",2231.0,109601.2
HLP,"Jakarta, Indonesia",0.2,2.2
HMN,"Alamogordo, NM",2.6,0.0
HMO,"Hermosillo, Mexico",581.0,22416.6
HMY,"Seosan, South Korea",0.2,17.0
HNA,"Hanamaki, Japan",0.2,30.6
HNB,"Huntingburg, IN",0.2,0.6
HNC,"Hatteras, NC",0.6,1.0
HND,"Tokyo, Japan",3810.4,812613.2
HNH,"Hoonah, AK",2284.6,7886.4
HNL,"Honolulu, HI",88432.6,9926615.4
HNM,"Hana, HI",624.8,2076.4
HNS,"Haines, AK",2403.4,8467.6
HOB,"Hobbs, NM",652.0,19751.0
HOG,"Holguin, Cuba",710.4,66930.4
HOM,"Homer, AK",6740.2,45211.8
HON,"Huron, SD",268.6,946.6
HOP,"Hopkinsville, KY",3.0,124.2
HOT,"Hot Springs, AR",790.8,3314.2
HOU,"Houston, TX",60579.0,6820692.0
HOW,"Balboa, Panama",1.6,63.8
HPB,"Hooper Bay, AK",2595.8,7849.0
HPN,"White Plains, NY",14717.8,786145.6
HQM,"Hoquiam, WA",0.6,1.4
HRL,"Harlingen/San Benito, TX",4671.0,287425.6
HRO,"Harrison, AR",857.0,4028.0
HSH,"Las Vegas, NV",72.2,198.0
HSI,"Hastings, NE",0.4,0.0
HSL,"Huslia, AK",1014.6,3578.6
HST,"Homestead, FL",2.2,8.0
HSV,"Huntsville, AL",11254.6,580530.6
HTO,"East Hampton, NY",49.4,141.4
HTS,"Ashland, WV",1985.8,102833.0
HUF,"Terre Haute, IN",8.8,392.8
HUM,"Houma, LA",0.2,1.0
HUS,"Hughes, AK",479.4,2076.2
HUT,"Hutchinson, KS",0.8,1.6
HUX,"Santa Cruz/Huatulco, Mexico",160.4,10832.0
HUY,"Humberside, United Kingdom",0.4,1.6
HVC,"Hopkinsville, KY",0.4,0.0
HVN,"New Haven, CT",1039.6,34964.4
HVR,"Havre, MT",675.8,2799.6
HWD,"Hayward, CA",14.0,3.2
HYA,"Hyannis, MA",7354.2,32784.0
HYG,"Hydaburg, AK",86.0,24.4
HYL,"Hollis, AK",1034.6,1645.2
HYR,"Hayward, WI",0.2,0.4
HYS,"Hays, KS",820.0,15099.8
IA4,"Pella, IA",0.2,1.0
IAB,"Wichita, KS",84.4,0.0
IAD,"Washington, DC",115492.8,11166124.4
IAG,"Niagara Falls, NY",948.8,126591.0
IAH,"Houston, TX",225644.0,20781773.6
IAN,"Kiana, AK",1643.8,5839.6
IBZ,"Ibiza, Spain",4.0,20.4
ICN,"Seoul, South Korea",15976.8,2991771.8
ICT,"Wichita, KS",13381.4,823810.8
ICY,"Icy Bay, AK",0.2,1.0
ID1,"Driggs, ID",0.8,3.2
IDA,"Idaho Falls, ID",3242.8,156806.0
IDP,"Independence, KS",0.6,4.2
IEV,"Kiev, Ukraine",1.8,3.0
IFP,"Bullhead City, AZ",1125.6,121290.0
IGA,"Inagua, The Bahamas",0.2,0.4
IGG,"Igiugig, AK",351.0,380.0
IGM,"Kingman, AZ",42.0,145.8
IGR,"Iguazu, Argentina",0.2,1.4
IGU,"Iguacu Falls, Brazil",0.2,2.0
II3,"De Kalb, IL",1.2,0.4
IKK,"Kankakee, IL",0.6,2.4
IKO,"Nikolski, AK",105.6,169.6
IKV,"Ankeny, IA",0.4,33.6
IL2,"Effingham, IL",0.4,2.4
IL3,"Litchfield, IL",0.2,1.0
ILG,"Wilmington, DE",40.6,2980.0
ILI,"Iliamna, AK",2474.6,5022.6
ILM,"Wilmington, NC",7600.2,448019.6
ILN,"Wilmington, OH",1177.8,53.0
IML,"Imperial, NE",0.2,0.2
IMT,"Iron Mountain/Kingsfd, MI",937.4,16472.0
IN1,"Auburn, IN",0.2,0.0
IN2,"Indianapolis, IN",1.2,4.2
IN6,"Jeffersonville, IN",1.4,5.4
IN7,"Indianapolis, IN",0.2,0.4
INC,"Yinchuan, China",0.2,0.0
IND,"Indianapolis, IN",67823.6,4434841.0
INL,"International Falls, MN",641.0,15324.6
INN,"Innsbruck, Austria",1.0,2.2
INS,"Indian Springs, NV",0.2,22.8
INT,"Winston-Salem, NC",23.2,488.4
INV,"Inverness, United Kingdom",0.2,2.0
IOM,"Isle of Man, United Kingdom",0.2,0.6
IOW,"Iowa City, IA",0.4,1.4
IPL,"El Centro, CA",1854.4,5014.2
IPT,"Williamsport, PA",986.4,20467.8
IQT,"Iquitos, Peru",0.2,1.2
IRC,"Circle, AK",259.2,345.2
IRK,"Kirksville, MO",1032.2,5119.6
IRS,"Sturgis, MI",0.2,0.4
ISL,"Istanbul, Turkey",21.6,0.0
ISM,"Orlando, FL",6.6,26.0
ISN,"Williston, ND",2299.2,77062.6
ISO,"Kinston, NC",36.2,679.6
ISP,"Islip, NY",6238.0,694192.8
ISQ,"Manistique, MI",0.2,0.0
ISS,"Wiscasset, ME",1.2,4.0
IST,"Istanbul, Turkey",3849.8,985997.2
ISW,"Wisconsin Rapids, WI",0.4,2.4
ITH,"Ithaca/Cortland, NY",2839.2,96302.2
ITO,"Hilo, HI",8290.2,620128.2
IWA,"Ivanovo, Russia",0.2,0.0
IWD,"Ironwood, MI",909.0,5171.2
IWK,"Iwakuni, Japan",0.8,46.4
IWO,"Iwoto, Japan",1.6,221.4
IYK,"Inyokern, CA",287.4,115.0
IZO,"Izumo, Japan",0.4,60.4
JAC,"Jackson, WY",4469.4,364147.4
JAN,"Jackson/Vicksburg, MS",8911.0,499222.0
JAX,"Jacksonville, FL",33446.4,2985380.0
JBQ,"Santo Domingo, Dominican Republic",0.2,0.4
JBR,"Jonesboro, AR",919.4,5120.4
JCI,"Olathe, KS",0.6,3.0
JCT,"Junction, TX",0.2,0.0
JDX,"Houston, TX",0.4,2.6
JED,"Jeddah, Saudi Arabia",572.0,106834.0
JEF,"Jefferson City, MO",1.2,8.2
JER,"Jersey, United Kingdom",0.4,2.2
JFK,"New York, NY",218013.0,29785415.8
JGG,"Williamsburg, VA",0.8,1.8
JHM,"Kapalua, HI",4653.0,35257.0
JHW,"Jamestown, NY",674.4,1046.2
JLA,"Cooper Lodge, AK",1.8,4.8
JLN,"Joplin, MO",855.0,35967.8
JMK,"Mikonos Island, Greece",1.0,8.2
JMS,"Jamestown, ND",911.0,18661.4
JNB,"Johannesburg, South Africa",719.4,174183.2
JNU,"Juneau, AK",17699.6,434177.8
JO2,"Azraq, Jordan",0.2,0.0
JQF,"Concord, NC",265.6,32774.0
JRA,"New York, NY",32.0,31.4
JRB,"New York, NY",2.0,1.4
JRF,"Kapolei, HI",379.0,1910.6
JRV,"Ceiba, PR",5636.4,33050.6
JST,"Johnstown, PA",1409.4,5710.6
JTR,"Santorini, Greece",0.4,3.2
JVL,"Beloit/Janesville, WI",2.4,5.4
JWY,"Midlothian/Waxahachie, TX",0.4,0.2
JXN,"Jackson, MI",1.4,2.6
JZB,"Orange, MA",0.2,0.8
JZE,"Trading Bay, AK",12.2,11.8
JZI,"Portland, TN",2.4,11.8
JZM,"Hog River, AK",6.4,12.2
JZQ,"Brooksville, FL",1.0,5.4
JZT,"Arlington, TX",38.2,12.8
JZU,"Bennington, VT",1.8,8.2
JZY,"Grangeville, ID",0.8,1.4
KAE,"Kake, AK",977.0,3431.2
KAL,"Kaltag, AK",730.4,2388.2
KBC,"Birch Creek, AK",258.0,1214.6
KBE,"Bell Island, AK",1.0,0.4
KBP,"Kiev, Ukraine",283.8,70991.0
KCC,"Coffman Cove, AK",226.6,152.0
KCG,"Chignik Bay, AK",225.0,414.4
KCL,"Chignik Lagoon, AK",214.4,346.6
KCQ,"Chignik, AK",239.6,459.8
KCR,"Colorado Creek, AK",1.8,0.4
KCZ,"Kochi, Japan",0.2,31.4
KDK,"Kodiak, AK",7.0,7.2
KEB,"Nanwalek, AK",2008.2,3057.6
KEF,"Keflavik/Reykjavik, Iceland",5474.2,925228.4
KEH,"Kenmore, WA",2903.2,3463.2
KEK,"Ekwok, AK",438.4,843.6
KFP,"False Pass, AK",218.0,354.2
KGK,"Koliganek, AK",583.0,1104.0
KGX,"Grayling, AK",737.4,1171.6
KHI,"Karachi, Pakistan",56.4,12030.4
KHN,"Nanchang, China",6.4,536.6
KHV,"Khabarovsk, Russia",45.0,2.0
KIJ,"Niigata, Japan",1.6,258.8
KIN,"Kingston, Jamaica",4649.4,546859.0
KIR,"Kerry County, Ireland",0.6,3.0
KIV,"Kishinev, Moldova",1.2,16.8
KIX,"Osaka, Japan",4541.8,549793.4
KJA,"Krasnojarsk, Russia",0.2,0.0
KJK,"Kortrijk, Belgium",0.6,1.4
KKA,"Koyuk, AK",1570.6,3884.2
KKB,"Kitoi Bay, AK",80.4,90.8
KKH,"Kongiganak, AK",2356.4,5577.2
KKI,"Akiachak, AK",2031.2,4390.8
KKJ,"Kitakyushu, Japan",1.2,157.8
KKL,"Karluk Lake, AK",3.4,2.0
KKU,"Ekuk, AK",1.2,0.2
KLG,"Kalskag, AK",2175.6,5100.6
KLL,"Levelock, AK",299.8,341.2
KLN,"Larsen Bay, AK",1170.0,2711.8
KLS,"Kelso, WA",0.4,0.0
KLU,"Klagenfurt, Austria",1.8,12.8
KLW,"Klawock, AK",2175.2,11301.6
KLX,"Kalamata, Greece",0.8,2.6
KMJ,"Kumamoto, Japan",0.6,123.0
KMO,"Manokotak, AK",830.4,894.8
KMQ,"Komatsu, Japan",2.2,161.6
KMY,"Moser Bay, AK",81.2,100.2
KNB,"Kanab, UT",40.0,460.4
KNK,"Kokhanok, AK",670.6,1567.0
KNW,"New Stuyahok, AK",982.8,1689.6
KOA,"Kona, HI",21996.6,1715519.8
KOJ,"Kagoshima, Japan",0.4,66.0
KOT,"Kotlik, AK",2737.8,6643.8
KOY,"Olga Bay, AK",81.8,109.4
KOZ,"Ouzinkie, AK",946.6,1611.6
KPB,"Point Baker, AK",116.6,61.4
KPC,"Port Clarence, AK",2.2,8.4
KPN,"Kipnuk, AK",2716.0,7667.2
KPR,"Port Williams, AK",64.2,58.6
KPV,"Perryville, AK",219.6,414.0
KPY,"Port Bailey, AK",73.6,81.4
KQA,"Akutan, AK",422.2,723.8
KRK,"Krakow, Poland",34.6,7959.6
KS3,"Hiawatha, KS",0.2,0.6
KSA,"Kosrae, Federated States of Micronesia",1.4,20.6
KSF,"Kassel, Germany",0.2,1.4
KSM,"St. Mary's, AK",5325.0,12638.4
KTB,"Thorne Bay, AK",1517.8,2378.8
KTN,"Ketchikan, AK",5861.0,220215.0
KTS,"Brevig Mission, AK",1286.2,3738.0
KUH,"Kushiro, Japan",0.4,0.0
KUK,"Kasigluk, AK",2296.6,5230.4
KUL,"Kuala Lumpur, Malaysia",1.0,3.2
KUV,"Gunsan, South Korea",1.4,33.6
KVC,"King Cove, AK",666.0,1445.4
KVL,"Kivalina, AK",1642.4,5843.2
KWA,"Kwajalein, Marshall Islands",5.0,5.6
KWF,"Waterfall, AK",291.0,897.8
KWI,"Kuwait, Kuwait",329.8,70589.2
KWK,"Kwigillingok, AK",2106.6,5043.6
KWN,"Quinhagak, AK",3109.4,8271.0
KWP,"West Point, AK",70.2,96.0
KWT,"Kwethluk, AK",2145.6,4933.2
KXA,"Kasaan, AK",125.0,173.8
KY1,"Danville, KY",0.4,0.0
KY3,"Mount Sterling, KY",0.2,0.0
KY5,"Madisonville, KY",1.2,4.6
KY6,"Mayfield, KY",0.2,1.4
KYK,"Karluk, AK",306.0,454.6
KYU,"Koyukuk, AK",587.4,2021.8
KZB,"Zachar Bay, AK",59.2,59.0
KZH,"Kizhuyak, AK",0.2,0.0
L41,"Marble Canyon, AZ",352.0,87.2
LA1,"Notchitoches, LA",0.2,0.2
LA2,"Hammond, LA",0.4,0.6
LA3,"Reserve, LA",0.2,0.8
LA4,"New Roads, LA",0.2,0.0
LA5,"Galliano, LA",0.2,0.0
LAD,"Luanda, Angola",83.6,5934.4
LAF,"Lafayette, IN",75.2,3990.6
LAL,"Lakeland, FL",5.6,227.6
LAM,"Los Alamos, NM",89.0,179.4
LAN,"Lansing, MI",4610.0,173832.6
LAP,"La Paz, Mexico",8.6,359.0
LAR,"Laramie, WY",629.2,17221.8
LAS,"Las Vegas, NV",177246.6,23505250.2
LAW,"Lawton/Fort Sill, OK",1363.2,50810.6
LAX,"Los Angeles, CA",326591.6,41149051.0
LBA,"Leeds/Bradford, United Kingdom",6.6,1327.4
LBB,"Lubbock, TX",9762.6,484577.4
LBE,"Latrobe, PA",1143.2,157229.8
LBF,"North Platte, NE",841.0,8970.2
LBG,"Paris, France",77.8,295.6
LBL,"Liberal, KS",564.0,3783.8
LBV,"Libreville, Gabon",1.4,1.2
LCA,"Larnaca, Cyprus",0.6,1.8
LCE,"La Ceiba, Honduras",0.2,0.4
LCG,"A Coruna, Spain",0.8,2.4
LCH,"Lake Charles, LA",1891.6,60574.2
LCI,"Laconia, NH",9.4,36.8
LCK,"Columbus, OH",3414.2,125546.8
LCY,"London, United Kingdom",0.4,1.4
LDE,"Tarbes/Lourdes/Pyrenees, France",2.2,666.4
LDU,"Lahad Datu, Malaysia",0.2,10.8
LDY,"Londonderry, United Kingdom",0.4,2.8
LEB,"Lebanon-Hanover, NH",2085.4,10222.4
LED,"St. Petersburg, Russia",2.0,5.4
LEE,"Leesburg, FL",0.6,2.4
LEJ,"Leipzig, Germany",396.6,0.2
LEW,"Lewiston/Auburn, ME",6.4,20.4
LEX,"Lexington, KY",12022.0,649891.2
LFI,"Newport News/Hampton, VA",2.8,138.4
LFT,"Lafayette, LA",5464.0,229096.8
LGA,"New York, NY",178535.6,14846194.0
LGB,"Long Beach, CA",15428.4,1621233.2
LGC,"LaGrange, GA",1.6,1.0
LGD,"La Grande, OR",486.4,0.0
LGG,"Liege, Belgium",420.4,0.0
LGU,"Logan, UT",10.0,1231.4
LGW,"London, United Kingdom",4228.2,1223237.4
LHR,"London, United Kingdom",36014.6,7435763.2
LIH,"Lihue, HI",15732.6,1519410.0
LIJ,"Long Island, AK",6.8,5.8
LIM,"Lima, Peru",6009.2,965909.2
LIN,"Milan, Italy",8.2,31.4
LIR,"Liberia, Costa Rica",3392.2,434150.4
LIS,"Lisbon, Portugal",2079.2,413273.0
LIT,"Little Rock, AR",14801.0,1021579.2
LIV,"Livengood, AK",2.4,1.8
LIY,"Hinesville, GA",0.2,5.2
LJU,"Ljubljana, Slovenia",0.2,0.0
LKE,"Seattle, WA",5876.0,23660.6
LKK,"Kulik Lake, AK",310.0,1503.4
LKP,"Lake Placid, NY",3.2,14.0
LKV,"Lakeview, OR",1.2,0.0
LLA,"Lulea, Sweden",0.2,0.0
LLY,"Mount Holly, NJ",2.0,4.0
LMA,"Lake Minchumina, AK",51.6,73.8
LMO,"Lossiemouth, United Kingdom",0.2,0.0
LMT,"Klamath Falls, OR",987.0,1758.4
LNA,"West Palm Beach, FL",2.8,7.4
LNI,"Lonely, AK",7.4,14.8
LNK,"Lincoln, NE",3639.2,159160.8
LNR,"Lone Rock, WI",0.2,0.0
LNS,"Lancaster, PA",1411.0,4372.6
LNY,"Lanai, HI",2189.8,43415.2
LNZ,"Linz, Austria",0.2,0.0
LOS,"Lagos, Nigeria",463.8,81743.6
LOT,"Chicago/Romeoville, IL",1.2,4.0
LOU,"Louisville, KY",0.2,0.2
LOZ,"London/Corbin, KY",1.2,1.8
LPA,"Las Palmas, Spain",1.0,3.0
LPL,"Liverpool, United Kingdom",2.6,13.8
LPO,"La Porte, IN",0.2,0.0
LPR,"Lorain/Elyria, OH",5.0,3.4
LPS,"Lopez Island, WA",6.0,17.2
LQK,"Pickens, SC",0.4,1.8
LRD,"Laredo, TX",4466.4,96515.8
LRH,"La Rochelle, France",0.2,0.6
LRM,"La Romana, Dominican Republic",216.8,15772.0
LRT,"Lorient, France",0.2,0.2
LRU,"Las Cruces, NM",5.0,223.6
LSE,"La Crosse, WI",2170.6,94203.0
LSF,"Columbus, GA",1.6,123.0
LSP,"Las Piedras, Venezuela",0.8,0.0
LSV,"Las Vegas, NV",7.4,398.2
LTN,"London, United Kingdom",146.8,3205.8
LTO,"Loreto, Mexico",230.2,24929.6
LUF,"Phoenix, AZ",0.2,5.2
LUK,"Cincinnati, OH",1321.8,25887.2
LUP,"Kalaupapa, HI",1499.0,6027.8
LUR,"Cape Lisburne, AK",125.2,217.0
LUX,"Luxembourg, Luxembourg",1205.6,2.0
LVD,"Lime Village, AK",8.4,5.8
LVK,"Livermore, CA",1.0,1.6
LVS,"Las Vegas, NM",0.2,0.4
LWB,"Lewisburg, WV",626.6,8893.4
LWC,"Lawrence, KS",0.4,1.6
LWM,"Lawrence, MA",4.0,9.4
LWS,"Lewiston, ID",2019.6,65377.2
LYH,"Lynchburg, VA",1989.6,82205.2
LYN,"Lyon, France",0.8,4.6
LYS,"Lyon, France",1.8,15.6
LYX,"Lydd, United Kingdom",3.4,5.2
LZU,"Lawrenceville, GA",13.6,3.2
MA1,"Edgartown, MA",1.8,5.8
MA2,"Montague, MA",5.0,12.6
MA4,"Marshfield, MA",1.8,3.8
MA5,"Northampton, MA",1.0,2.4
MA6,"Hopedale, MA",0.2,1.0
MAD,"Madrid, Spain",5766.8,1283055.2
MAF,"Midland/Odessa, TX",9361.8,578516.6
MAJ,"Majuro, Marshall Islands",314.2,21108.2
MAN,"Manchester, United Kingdom",3353.4,800018.8
MAO,"Manaus, Brazil",447.6,42265.4
MAR,"Maracaibo, Venezuela",359.4,31862.6
MAY,"Mangrove Cay, The Bahamas",0.6,1.6
MAZ,"Mayaguez, PR",1400.4,6402.4
MBJ,"Montego Bay, Jamaica",10586.8,1407091.8
MBL,"Manistee/Ludington, MI",289.6,3688.8
MBS,"Saginaw/Bay City/Midland, MI",3035.2,122985.6
MBY,"Moberley, MO",0.2,0.6
MCC,"Sacramento, CA",2.6,7.6
MCE,"Merced, CA",1312.6,6909.6
MCF,"Tampa, FL",0.8,0.0
MCG,"McGrath, AK",859.0,2966.6
MCI,"Kansas City, MO",57836.6,5698912.0
MCK,"McCook, NE",493.4,1833.2
MCN,"Macon, GA",382.2,7841.0
MCO,"Orlando, FL",157097.2,21827929.4
MCW,"Mason City, IA",1563.2,7820.2
MD1,"Michellville, MD",0.6,3.2
MD2,"Indian Head, MD",0.6,1.4
MDD,"Midland/Odessa, TX",0.8,5.0
MDE,"Medellin, Colombia",3264.0,268947.6
MDH,"Carbondale, IL",2.2,137.0
MDJ,"Madras, OR",0.4,0.0
MDO,"Middleton Island, AK",1.6,1.2
MDT,"Harrisburg, PA",12970.6,634698.8
MDW,"Chicago, IL",91749.8,10970279.4
ME1,"Rangeley, ME",0.6,2.6
ME2,"Islesboro, ME",1.8,6.8
ME3,"Belfast, ME",14.2,82.6
ME4,"Oxford, ME",1.0,2.4
ME7,"Stonington, ME",0.2,0.4
MEC,"Manta, Ecuador",0.8,22.4
MEI,"Meridian, MS",1012.0,27552.8
MEL,"Melbourne, Australia",1192.4,331239.6
MEM,"Memphis, TN",96611.0,2135948.0
MEO,"Manteo, NC",215.8,0.0
MER,"Atwater, CA",0.2,0.4
MEV,"Minden, NV",0.6,0.8
MEX,"Mexico City, Mexico",36228.4,3840491.4
MFD,"Mansfield, OH",5.4,94.6
MFE,"Mission/McAllen/Edinburg, TX",5208.4,370159.6
MFH,"Mesquite, NV",0.4,1.8
MFM,"Macau, Macau",1.0,3.8
MFR,"Medford, OR",8588.0,447041.6
MGA,"Managua, Nicaragua",2956.4,312357.4
MGE,"Marietta, GA",1.0,34.2
MGM,"Montgomery, AL",4388.8,176837.8
MGW,"Morgantown, WV",1555.2,7591.0
MHE,"Mitchell, SD",1.0,4.8
MHH,"Marsh Harbour, The Bahamas",2321.8,66890.8
MHK,"Manhattan/Ft. Riley, KS",1795.4,69970.8
MHM,"Minchumina, AK",85.6,132.0
MHR,"Sacramento, CA",1512.4,66.6
MHT,"Manchester, NH",13426.4,953404.0
MHV,"Mojave, CA",9.6,3.8
MHZ,"Mildenhall, United Kingdom",0.2,0.0
MI2,"Holland, MI",1.2,5.0
MI6,"Dowagiac, MI",0.2,0.4
MI7,"South Haven, MI",1.6,3.6
MIA,"Miami, FL",183696.6,21061204.2
MIB,"Minot, ND",0.8,63.2
MID,"Merida, Mexico",970.0,56804.4
MIE,"Muncie/Anderson/Newcastle, IN",3.8,300.6
MIW,"Marshalltown, IA",0.2,1.0
MJX,"Toms River, NJ",1.0,3.4
MKC,"Kansas City, MO",71.2,3044.0
MKE,"Milwaukee, WI",41165.8,3431907.0
MKG,"Muskegon, MI",699.2,18118.0
MKK,"Hoolehua, HI",9560.2,80235.6
MKL,"Jackson, TN",911.8,4169.0
MKO,"Muskogee, OK",0.4,0.6
MKT,"Mankato, MN",0.4,1.2
MLA,"Malta, Malta",2.8,5.6
MLB,"Melbourne, FL",2691.8,229260.0
MLC,"McAlester, OK",0.2,1.4
MLH,"Mulhouse, France",0.2,0.8
MLI,"Moline, IL",6710.2,357230.2
MLL,"Marshall, AK",1602.4,3675.8
MLM,"Morelia, Mexico",1623.6,147466.8
MLT,"Millinocket, ME",0.2,0.2
MLU,"Monroe, LA",3021.4,108815.6
MLY,"Manley Hot Springs, AK",216.4,322.8
MMH,"Mammoth Lakes, CA",538.2,21477.6
MMI,"Athens, TN",0.8,0.0
MML,"Marshall, MN",0.4,3.2
MMN,"Stow, MA",0.2,0.8
MMT,"Columbia, SC",1.0,0.0
MMU,"Morristown, NJ",356.6,5766.0
MMX,"Malmo, Sweden",0.2,0.0
MN5,"Red Wing, MN",0.2,0.4
MN7,"Minneapolis, MN",0.8,5.6
MNL,"Manila, Philippines",2363.0,505274.8
MNN,"Marion, OH",0.4,1.6
MNT,"Minto, AK",209.0,384.4
MNZ,"Manassas, VA",93.2,578.4
MO3,"Richland, MO",0.4,2.6
MOA,"Moa, Cuba",0.2,2.2
MOB,"Mobile, AL",6615.4,297103.0
MOD,"Modesto, CA",1.6,6.6
MOP,"Mount Pleasant, MI",0.4,3.0
MOS,"Moses Point, AK",3.2,0.0
MOT,"Minot, ND",3306.8,157926.6
MOU,"Mountain Village, AK",2425.6,5674.6
MPB,"Miami, FL",291.0,1000.2
MPL,"Montpellier, France",0.2,0.8
MPO,"Mt. Pocono, PA",0.8,3.2
MPR,"McPherson, KS",0.4,1.0
MPV,"Montpelier/Barre, VT",1.6,5.0
MQI,"Quincy, MA",30.6,7.8
MQJ,"Indianapolis, IN",1.6,8.2
MQT,"Marquette, MI",1468.0,50324.0
MQY,"Smyrna, TN",649.6,1917.8
MRB,"Martinsburg, WV",0.6,1.0
MRC,"Columbia, TN",13.6,4.0
MRF,"Marfa, TX",0.4,2.4
MRI,"Anchorage, AK",2001.2,3425.0
MRK,"Marco Island, FL",0.6,0.0
MRN,"Morganton, NC",0.4,0.0
MRS,"Marseille, France",3.4,22.4
MRY,"Monterey, CA",4567.4,197887.2
MSC,"Mesa, AZ",20.4,0.8
MSJ,"Misawa, Japan",2.4,196.6
MSL,"Muscle Shoals, AL",1023.8,5052.8
MSN,"Madison, WI",14850.2,983331.0
MSO,"Missoula, MT",5976.6,399400.6
MSP,"Minneapolis, MN",188789.8,18445704.2
MSS,"Massena, NY",998.0,4829.6
MST,"Maastricht, Netherlands",2.2,2.0
MSV,"Monticello, NY",4.6,16.8
MSY,"New Orleans, LA",55887.0,6199215.0
MT2,"Three Forks, MT",0.4,0.0
MTH,"Marathon, FL",277.8,13.4
MTJ,"Montrose/Delta, CO",2426.4,127606.4
MTM,"Metlakatla, AK",1263.8,2172.2
MTN,"Baltimore, MD",4.8,16.4
MTO,"Mattoon/Charleston, IL",1.2,94.8
MTP,"Montauk Point, NY",12.6,44.0
MTX,"Fairbanks, AK",82.4,97.0
MTY,"Monterrey, Mexico",10145.2,563931.2
MUC,"Munich, Germany",5488.2,1210880.0
MUE,"Kamuela, HI",733.4,4364.2
MUO,"Mountain Home, ID",3.0,50.8
MVC,"Monroeville, AL",0.6,0.0
MVD,"Montevideo, Uruguay",360.0,57962.2
MVL,"Morrisville, VT",41.6,173.8
MVM,"Kayenta, AZ",8.2,86.2
MVN,"Mount Vernon, IL",2.0,0.0
MVW,"Burlington/Mount Vernon, WA",499.0,1.8
MVY,"Martha's Vineyard, MA",5278.0,51437.0
MWA,"Marion/Herrin, IL",1839.8,10633.8
MWH,"Moses Lake, WA",729.2,86.6
MWL,"Mineral Wells, TX",0.6,2.8
MWX,"Muan, South Korea",0.2,0.8
MXE,"Maxton, NC",0.2,0.8
MXF,"Montgomery, AL",0.6,35.0
MXL,"Mexicali, Mexico",1.2,39.4
MXP,"Milan, Italy",2729.0,551006.2
MXY,"McCarthy, AK",101.4,122.8
MYF,"San Diego, CA",19.6,56.2
MYJ,"Matsuyama, Japan",0.8,118.2
MYK,"May Creek, AK",100.2,17.0
MYL,"McCall, ID",0.6,2.8
MYR,"Myrtle Beach, SC",11122.2,1137022.0
MYU,"Mekoryuk, AK",597.0,2036.6
MZJ,"Marana, AZ",29.8,2.2
MZO,"Manzanillo, Cuba",7.2,63.4
MZT,"Mazatlan, Mexico",1196.0,97021.2
MZZ,"Marion, IN",0.4,2.6
N1C,"Cherry Point, NC",0.4,31.2
N1J,"Hackettstown, NJ",0.2,0.0
N1Y,"Canandaigua, NY",0.8,4.2
N2C,"Monroe, NC",4.4,69.4
N2Y,"Seneca Falls, NY",0.2,1.4
N3C,"Franklin, NC",0.8,2.8
N3Y,"Ticonderoga, NY",0.4,1.0
N4C,"Sanford, NC",0.6,1.0
N4Y,"Southampton, NY",7.8,17.6
N5C,"Whiteville, NC",0.2,0.2
N5Y,"South Bethlehem, NY",0.2,0.4
N6Y,"Ellenville, NY",0.2,1.2
NAD,"North Adams, MA",4.8,12.8
NAN,"Nadi, Fiji",480.8,105510.2
NAP,"Naples, Italy",111.2,22259.2
NAS,"Nassau, The Bahamas",13468.2,1148992.4
NB1,"St Stephen, Canada",0.2,0.8
NBC,"Naberevnye Chelny, Russia",0.0,0.0
NBG,"New Orleans, LA",0.4,0.0
NBO,"Nairobi, Kenya",69.2,12306.4
NBW,"Guantanamo, Cuba",81.8,519.2
NC1,"Gastonia, NC",23.8,1776.8
NC8,"Burlington, NC",0.2,0.8
NCE,"Nice, France",282.2,44078.0
NCL,"Newcastle, United Kingdom",73.4,14182.4
NCN,"Chenega, AK",60.8,0.0
NCO,"North Kingstown, RI",0.6,1.8
NEV,"Nevis, Saint Kitts and Nevis",281.4,2335.0
NEW,"New Orleans, LA",8.8,37.8
NGB,"Ningbo, China",4.2,129.4
NGD,"Anegada, British Virgin Islands",0.2,1.4
NGF,"Kaneohe, HI",0.2,0.0
NGO,"Nagoya, Japan",2174.8,256469.2
NGS,"Nagasaki, Japan",0.2,0.0
NGU,"Norfolk, VA",118.0,683.8
NH1,"Hampton, NH",0.2,1.2
NH3,"Haverhill, NH",0.2,0.2
NH4,"Moultonboro, NH",0.4,2.0
NH5,"Hillsboro, NH",0.2,0.6
NHK,"Patuxent River, MD",1.0,43.2
NHT,"Northolt, United Kingdom",9.4,22.2
NHZ,"Brunswick, ME",5.2,15.2
NIB,"Nikolai, AK",214.8,246.8
NIM,"Niamey, Niger",0.2,2.6
NIN,"Ninilchik, AK",0.4,0.0
NIP,"Jacksonville, FL",6.6,327.0
NJ1,"Berlin, NJ",14.8,64.4
NJ4,"Ocean City, NJ",0.4,1.0
NJ5,"Sussex, NJ",0.4,1.6
NJ7,"New Jersey, NJ",0.2,0.4
NJ8,"West Milford, NJ",0.2,0.2
NJ9,"Cross Keys, NJ",0.4,0.6
NJK,"El Centro, CA",3.0,55.2
NKG,"Nanjing, China",159.0,20433.8
NKI,"Naukiti, AK",130.4,108.6
NKX,"San Diego, CA",5.0,155.0
NLC,"Lemoore, CA",0.2,1.4
NLG,"Nelson Lagoon, AK",220.8,435.4
NM2,"Truth Or Consequences, NM",3.6,70.2
NMC,"Norman's Cay, The Bahamas",0.2,1.6
NME,"Nightmute, AK",1788.2,4412.4
NNK,"Naknek, AK",25.6,25.6
NNL,"Nondalton, AK",496.4,573.2
NOC,"Connaught, Ireland",0.4,2.6
NOU,"Noumea, New Caledonia",0.2,47.4
NPA,"Pensacola, FL",1.0,27.6
NPE,"Napier, New Zealand",0.2,0.4
NPT,"Newport, RI",26.8,72.6
NQA,"Millington, TN",1.8,1.0
NQX,"Key West, FL",2.8,52.8
NRT,"Tokyo, Japan",19953.4,3706386.0
NSB,"Bimini, The Bahamas",611.2,2491.8
NSY,"Sigonella, Italy",0.4,33.2
NTD,"Port Hueneme, CA",2.4,276.2
NTE,"Nantes, France",0.2,0.8
NTR,"Monterrey, Mexico",1.2,5.6
NTU,"Oceana, VA",1.0,0.0
NUE,"Nuremberg, Germany",1.4,0.4
NUI,"Nuiqsut, AK",1003.8,4098.0
NUL,"Nulato, AK",1014.2,3939.4
NUP,"Nunapitchuk, AK",2141.0,4793.0
NUQ,"Mountain View, CA",21.0,67.4
NUW,"Whidbey Island, WA",4.0,42.2
NV5,"Gerlach, NV",46.8,432.8
NV6,"Pahrump, NV",1.6,3.8
NWI,"Norwich, United Kingdom",0.2,0.0
NY1,"Kingston, NY",0.8,1.4
NY2,"Fulton, NY",0.4,1.6
NY3,"Brockport, NY",0.2,1.2
NY4,"Potsdam, NY",0.2,1.2
NY5,"Millbrook, NY",1.2,3.6
NY7,"Skaneateles, NY",9.8,17.2
NY8,"Mattituck, NY",0.2,0.2
NY9,"Hornell, NY",0.4,1.0
NYC,"New York, NY",5.4,900.0
NYL,"Yuma, AZ",1043.8,112.8
NZC,"Jacksonville, FL",3.8,112.2
NZY,"San Diego, CA",1.8,78.8
O1H,"Millersburg, OH",0.4,0.2
O2H,"Mount Vernon, OH",0.4,1.0
O4H,"Delaware, OH",0.2,0.4
O5H,"Bowling Green, OH",0.2,0.4
O6H,"Ashland, OH",0.2,0.8
O85,"Redding, CA",1.0,0.0
OAJ,"Jacksonville/Camp Lejeune, NC",3332.0,153367.8
OAK,"Oakland, CA",65206.2,6363081.2
OAX,"Oaxaca, Mexico",403.4,21699.8
OBE,"Okeechobee, FL",0.2,0.4
OBF,"Oberpfaffenhofen, Germany",0.2,1.8
OBO,"Obihiro, Japan",0.4,70.8
OBU,"Kobuk, AK",1028.2,3183.6
OCA,"Key Largo, FL",2.2,5.0
OCE,"Ocean City, MD",0.6,1.4
OCF,"Ocala, FL",24.4,12.8
OCJ,"Ocho Rios, Jamaica",0.2,0.4
ODE,"Odense, Denmark",0.4,1.4
OEO,"Osceola, WI",0.8,0.0
OFF,"Omaha, NE",0.6,24.2
OFK,"Norfolk, NE",0.2,0.8
OFU,"Ofu, TT",53.0,654.8
OGA,"Ogallala, NE",0.6,0.0
OGB,"Orangeburg, SC",0.2,0.4
OGD,"Ogden, UT",133.6,17608.6
OGG,"Kahului, HI",39616.0,3477260.8
OGS,"Ogdensburg, NY",1012.2,17727.4
OH3,"Chillicothe, OH",0.2,1.4
OHC,"Northeast Cape, AK",7.6,16.2
OIC,"Norwich, NY",0.4,1.0
OJC,"Olathe, KS",0.2,0.0
OKA,"Okinawa, Japan",0.4,42.8
OKC,"Oklahoma City, OK",25257.6,2000473.4
OKJ,"Okayama, Japan",4.2,418.6
OKK,"Kokomo/Logansport/Peru, IN",1.0,1.6
OKO,"Tokyo, Japan",8.8,785.6
OLB,"Olbia, Italy",4.2,8.2
OLE,"Olean, NY",0.4,1.2
OLF,"Wolf Point, MT",931.8,3762.6
OLH,"Old Harbor, AK",1037.4,2265.6
OLM,"Olympia, WA",2.6,3.8
OLS,"Nogales, AZ",1.4,0.0
OLU,"Columbus, NE",0.2,0.0
OLV,"Olive Branch, MS",1.4,6.6
OMA,"Omaha, NE",28309.2,2302124.2
OME,"Nome, AK",10403.6,77614.8
ON1,"Collingwood, Canada",2.6,3.8
ON2,"Stratford, Canada",0.2,0.2
ONA,"Winona, MN",0.8,0.0
ONH,"Oneonta, NY",2.0,7.0
ONN,"Onion Bay, AK",2.6,4.0
ONP,"Newport, OR",522.6,2.0
ONT,"Ontario, CA",35417.6,2374158.0
OOK,"Toksook, AK",2868.8,7154.4
OPF,"Miami, FL",157.0,539.6
OPH,"Ophir, AK",2.0,0.8
OPN,"Thomaston, GA",0.2,0.6
OPO,"Porto, Portugal",196.2,34593.0
OR2,"Gleneden, OR",0.8,0.0
OR4,"Bend, OR",0.4,2.4
ORB,"Orebro, Sweden",0.4,0.0
ORD,"Chicago, IL",433377.0,38803817.4
ORF,"Norfolk, VA",25328.4,1747862.6
ORH,"Worcester, MA",977.0,67998.6
ORI,"Port Lions, AK",1020.8,1615.6
ORK,"Cork, Ireland",37.4,4183.6
ORL,"Orlando, FL",27.4,99.4
ORT,"Northway, AK",3.2,10.4
ORV,"Noorvik, AK",1938.4,6856.0
ORY,"Paris, France",1047.0,165015.8
OSC,"Oscoda, MI",15.0,179.6
OSD,"Ostersund, Sweden",0.2,1.0
OSH,"Oshkosh, WI",1.2,43.6
OSL,"Oslo, Norway",1073.8,251415.0
OSN,"Osan, South Korea",5.4,56.4
OSR,"Ostrava, Czech Republic",0.4,1.0
OST,"Ostend, Belgium",9.8,435.0
OSU,"Columbus, OH",4.8,13.0
OTH,"North Bend/Coos Bay, OR",1488.4,13895.6
OTP,"Bucharest, Romania",37.0,1988.6
OTS,"Anacortes, WA",0.6,1.2
OTZ,"Kotzebue, AK",12436.4,79719.0
OUA,"Ouagadougou, Burkina Faso",0.2,0.0
OVB,"Novosibirsk, Russia",0.2,0.0
OVD,"Asturias, Spain",0.2,0.8
OVE,"Oroville, CA",0.4,0.6
OWB,"Owensboro, KY",1139.2,20584.6
OWD,"Norwood, MA",28.2,98.8
OXC,"Waterbury, CT",28.8,83.2
OXF,"Oxford, United Kingdom",0.6,0.8
OXR,"Oxnard/Ventura, CA",3.2,10.4
OZP,"Moron, Spain",1.0,170.0
P1A,"Farmington, PA",0.6,4.0
P2A,"Philadelphia, PA",3.6,13.8
PA2,"Bedford, PA",0.2,0.0
PA4,"Carlisle, PA",0.2,1.6
PA5,"West Chester, PA",10.0,31.8
PA6,"Pittsburgh, PA",1.2,4.6
PA7,"Toughkenamon, PA",0.2,0.4
PA9,"Tarentum, PA",0.2,0.6
PAD,"Paderborn, Germany",0.6,1.0
PAE,"Everett, WA",1783.8,78694.8
PAH,"Paducah, KY",792.2,21679.2
PAM,"Panama City, FL",1.8,31.8
PAO,"Palo Alto, CA",0.2,0.4
PAP,"Port-au-Prince, Haiti",4376.4,541009.6
PAQ,"Palmer, AK",36.2,99.8
PBC,"Puebla, Mexico",646.4,22916.8
PBF,"Pine Bluff, AR",0.2,0.0
PBG,"Plattsburgh, NY",1662.8,129202.0
PBI,"West Palm Beach/Palm Beach, FL",27728.4,3229559.8
PBK,"Pack Creek, AK",134.6,292.8
PBM,"Zanderij, Suriname",155.6,745.6
PBX,"Pikeville, KY",23.4,90.6
PCA,"Portage Creek, AK",9.2,4.8
PCT,"Princeton, NJ",10.2,39.2
PDB,"Pedro Bay, AK",191.0,113.6
PDK,"Atlanta, GA",253.8,3499.6
PDL,"Ponta Delgada, Portugal",316.0,54984.2
PDT,"Pendleton, OR",1833.2,5171.6
PDX,"Portland, OR",97750.6,9321644.8
PEC,"Pelican, AK",602.2,1369.8
PEG,"Perugia, Italy",0.4,0.8
PEI,"Pereira, Colombia",32.2,3190.0
PEK,"Beijing, China",7178.0,1660883.4
PEN,"Bayan Lepas, Malaysia",0.6,0.0
PGA,"Page, AZ",3286.0,22047.2
PGC,"Petersburg, WV",0.2,0.6
PGD,"Punta Gorda, FL",4387.0,646420.0
PGL,"Pascagoula, MS",0.2,2.4
PGM,"Port Graham, AK",2196.6,3297.2
PGO,"Pagosa Springs, CO",3.2,9.6
PGS,"Peach Springs, AZ",7.2,41.2
PGV,"Greenville, NC",1365.6,52217.4
PHF,"Newport News/Williamsburg, VA",4108.6,201619.0
PHL,"Philadelphia, PA",179822.4,15110027.8
PHN,"Port Huron, MI",1.8,3.2
PHO,"Point Hope, AK",1869.6,5376.6
PHX,"Phoenix, AZ",195788.4,21888915.8
PIA,"Peoria, IL",6721.8,322783.6
PIB,"Hattiesburg/Laurel, MS",681.4,14454.0
PIE,"St. Petersburg, FL",7259.8,1006275.2
PIH,"Pocatello, ID",1268.0,38585.0
PIK,"Glasgow/Prestwick, United Kingdom",17.8,36.0
PIP,"Pilot Point, AK",347.0,443.6
PIR,"Pierre, SD",1323.0,19470.4
PIT,"Pittsburgh, PA",60091.8,4370304.8
PIZ,"Point Lay, AK",697.2,2359.8
PKA,"Napaskiak, AK",1271.2,2104.8
PKB,"Parkersburg, WV",665.2,5378.4
PKC,"Petropavlovsk-Kamchatsky, Russia",8.4,438.0
PKD,"Park Rapids, MN",0.2,0.0
PLN,"Pellston, MI",1255.2,28561.4
PLS,"Providenciales, Turks and Caicos Islands",3530.2,382870.6
PMB,"Pembina, ND",0.2,0.0
PMC,"Puerto Montt, Chile",0.2,1.2
PMI,"Palma Mallorca, Spain",4.4,12.4
PML,"Port Moller, AK",146.0,242.4
PMO,"Palermo, Italy",44.4,8516.0
PMV,"Porlamar, Venezuela",1.4,6.4
PNA,"Pamplona, Spain",0.2,3.2
PNE,"Philadelphia, PA",13.2,41.4
PNH,"Phnom Penh, Cambodia",1.6,36.0
PNI,"Pohnpei, Federated States of Micronesia",65.2,513.2
PNS,"Pensacola, FL",12247.2,907643.0
PNX,"Sherman-Denison, TX",0.6,4.6
POA,"Porto Alegre, Brazil",80.6,11537.8
POB,"Fayetteville, NC",15.8,896.4
POF,"Poplar Bluff, MO",0.4,0.8
POM,"Port Moresby, Papua New Guinea",0.8,0.0
POP,"Puerto Plata, Dominican Republic",1117.8,146862.4
POS,"Port of Spain, Trinidad and Tobago",4315.0,489427.8
POU,"Poughkeepsie, NY",1.2,3.2
POZ,"Poznan, Poland",0.4,0.0
PPC,"Prospect Creek, AK",72.2,720.4
PPD,"Humacao, PR",0.2,0.4
PPG,"Pago Pago, TT",4558.2,71792.0
PPM,"Pompano Beach, FL",0.2,0.6
PPT,"Papeete, French Polynesia",824.4,204882.6
PPV,"Port Protection, AK",133.0,86.4
PQI,"Presque Isle/Houlton, ME",1108.4,12417.0
PQS,"Pilot Station, AK",2336.8,5685.0
PRB,"Paso Robles, CA",7.8,16.2
PRC,"Prescott, AZ",696.2,10199.0
PRG,"Prague, Czech Republic",259.8,52236.8
PSA,"Pisa, Italy",31.8,3742.8
PSC,"Pasco/Kennewick/Richland, WA",6933.8,387578.0
PSE,"Ponce, PR",803.0,97931.4
PSF,"Pittsfield, MA",8.6,22.2
PSG,"Petersburg, AK",1337.8,50859.0
PSK,"Dublin, VA",7.2,0.0
PSM,"Portsmouth, NH",334.4,41427.0
PSP,"Palm Springs, CA",13368.0,1101131.6
PTA,"Port Alsworth, AK",259.8,139.6
PTD,"Port Alexander, AK",54.0,84.4
PTH,"Port Heiden, AK",393.2,821.2
PTK,"Pontiac, MI",384.6,2189.0
PTP,"Pointe A Pitre, Guadeloupe",842.4,30937.4
PTS,"Pittsburg, KS",0.2,0.8
PTU,"Platinum, AK",602.2,850.4
PTV,"Porterville, CA",0.6,1.0
PTW,"Pottstown, PA",0.6,1.6
PTY,"Panama City, Panama",14233.2,1653415.8
PUB,"Pueblo, CO",754.4,10523.0
PUC,"Price, UT",0.4,1.0
PUF,"Pau, France",0.2,0.4
PUJ,"Punta Cana, Dominican Republic",11001.0,1521598.0
PUL,"Poulsbo, WA",12.6,20.4
PUO,"Prudhoe Bay, AK",0.2,0.0
PUQ,"Punta Arenas, Chile",0.4,4.0
PUS,"Busan, South Korea",994.0,141180.0
PUW,"Pullman, WA",1226.6,63687.0
PVC,"Provincetown, MA",1986.4,10123.4
PVD,"Providence, RI",21330.4,1924408.6
PVG,"Shanghai, China",10991.8,1525193.2
PVR,"Puerto Vallarta, Mexico",8024.6,1010421.2
PVS,"Provideniya, Russia",4.4,18.2
PVU,"Provo, UT",616.4,85939.8
PVW,"Plainview, TX",0.2,0.0
PVY,"Pope Vanoy, AK",0.4,0.8
PWA,"Oklahoma City, OK",1.4,4.4
PWK,"Chicago, IL",47.0,116.0
PWM,"Portland, ME",14916.8,965134.8
PWT,"Bremerton, WA",0.6,0.0
PYM,"Plymouth, MA",4.8,21.6
QCX,"Martinsville, VA",0.2,1.8
QMA,"Kennesaw, GA",33.6,140.8
QMN,"Mansfield, MA",5.0,17.2
QNY,"New York, NY",0.6,0.0
QPG,"Singapore, Singapore",1.2,0.0
QQB,"Keyes Point, AK",5.0,7.0
QQN,"Woodlake, CA",2.2,0.0
QQT,"Peachtree City, GA",2.0,2.8
QQU,"Window Rock, AZ",18.4,0.0
QQY,"San Marcos, TX",3.6,0.0
QRO,"Queretaro, Mexico",2590.8,121587.0
QSO,"Southbridge, MA",0.2,0.2
QSR,"Salerno, Italy",0.6,4.6
RAC,"Racine, WI",1.4,3.2
RAI,"Praia, Cape Verde",62.0,10921.2
RAK,"Marrakech, Morocco",2.4,75.6
RAP,"Rapid City, SD",6025.8,295825.2
RAR,"Avarua, Cook Islands",52.0,10875.2
RBA,"Rabat, Morocco",0.2,2.8
RBD,"Dallas/Fort Worth, TX",1.2,5.8
RBG,"Roseburg, OR",586.6,0.2
RBH,"Brooks Lodge, AK",1405.6,6523.6
RBN,"Fort Jefferson, FL",1719.8,13346.4
RBW,"Walterboro, SC",3.6,17.6
RBY,"Ruby, AK",896.0,3522.0
RCA,"Rapid City, SD",2.8,126.0
RCE,"Roche Harbor, WA",53.2,165.2
RDB,"Red Dog, AK",815.0,12403.4
RDD,"Redding, CA",1751.2,42123.6
RDG,"Reading, PA",15.4,1502.8
RDM,"Bend/Redmond, OR",7711.6,373995.0
RDU,"Raleigh/Durham, NC",66482.2,5896910.2
RDV,"Red Devil, AK",220.6,172.0
REC,"Recife, Brazil",240.6,45716.0
REP,"Siem Reap, Cambodia",0.2,0.8
RFD,"Rockford, IL",6283.0,115757.4
RHI,"Rhinelander, WI",1313.8,25608.6
RIC,"Richmond, VA",28738.8,1930904.8
RID,"Richmond, IN",0.2,0.0
RIL,"Rifle, CO",25.0,89.4
RIV,"Riverside, CA",322.8,3144.2
RIW,"Riverton/Lander, WY",1095.2,13305.0
RIX,"Riga, Latvia",64.4,13387.0
RJK,"Rijeka, Croatia",0.2,2.4
RKD,"Rockland, ME",1292.6,6873.6
RKE,"Copenhagen, Denmark",0.4,1.4
RKH,"Rock Hill, SC",0.4,1.0
RKS,"Rock Springs, WY",995.8,19955.4
RKV,"Reykjavik, Iceland",1.0,3.6
RLU,"Bornite/Ruby Creek, AK",45.2,106.2
RME,"Rome, NY",28.6,37.8
RMG,"Rome, GA",0.4,1.0
RMI,"Rimini, Italy",0.2,1.2
RMN,"Stafford, VA",0.2,1.0
RMP,"Rampart, AK",271.6,615.0
RMS,"Ramstein, Germany",11.8,1169.2
RNC,"McMinnville, TN",0.8,2.0
RNH,"New Richmond, WI",0.4,2.0
RNO,"Reno, NV",23105.4,1931633.4
RNT,"Renton, WA",301.8,1046.4
ROA,"Roanoke, VA",7700.0,321428.4
ROB,"Monrovia, Liberia",0.6,28.4
ROC,"Rochester, NY",20074.4,1229259.2
ROG,"Rogers, AR",9.4,28.2
ROL,"Roosevelt, UT",0.2,1.4
ROP,"Rota, TT",3026.0,15782.0
ROR,"Koror, Palau",354.0,24688.2
ROW,"Roswell, NM",1627.8,50523.6
RQI,"Nixon Fork Mine, AK",3.0,5.6
RQN,"Cave Junction, OR",0.2,0.0
RQR,"Harbor Springs, MI",0.6,3.0
RQV,"Salt Lake City, UT",0.2,1.2
RQZ,"Mary Esther, FL",1.8,40.2
RRT,"Warroad, MN",1.0,0.0
RSD,"Rock Sound, The Bahamas",0.2,0.8
RSH,"Russian Mission, AK",1687.0,3390.2
RSJ,"Rosario, WA",11.4,23.4
RSN,"Ruston, LA",2.2,18.0
RSP,"Raspberry Strait, AK",1.2,1.6
RST,"Rochester, MN",3818.0,149427.6
RSW,"Fort Myers, FL",35069.6,4516121.8
RTB,"Roatan Island, Honduras",441.8,50337.6
RTM,"Rotterdam, Netherlands",2.4,10.2
RTN,"Raton, NM",0.2,0.8
RUH,"Riyadh, Saudi Arabia",353.2,62038.6
RUI,"Ruidoso, NM",1.2,0.0
RUT,"Rutland, VT",1007.2,5282.4
RVS,"Tulsa, OK",0.2,1.0
RWB,"Rowan Bay, AK",0.6,0.0
RWI,"Rocky Mount, NC",17.0,116.0
RYE,"Greeley, CO",0.2,1.6
RZE,"Rzeszow, Poland",15.4,3082.2
S24,"Fremont, OH",0.2,0.2
SAA,"Saratoga, WY",2.4,18.0
SAC,"Sacramento, CA",7.8,33.2
SAD,"Safford, AZ",1.0,2.0
SAF,"Santa Fe, NM",2241.6,101683.6
SAL,"San Salvador, El Salvador",7493.4,946495.2
SAN,"San Diego, CA",95841.2,11407672.2
SAP,"San Pedro Sula, Honduras",3787.2,300084.2
SAQ,"San Andros, The Bahamas",42.2,190.4
SAT,"San Antonio, TX",46212.2,4616178.8
SAV,"Savannah, GA",16458.6,1217942.8
SAW,"Istanbul, Turkey",0.8,3.6
SBA,"Santa Barbara, CA",8460.6,383300.2
SBD,"San Bernardino, CA",441.2,22.4
SBH,"Saint Barthelemy, Saint Barthelemy",1622.6,8610.4
SBM,"Sheboygan, WI",3.2,12.8
SBN,"South Bend, IN",7309.0,349101.2
SBP,"San Luis Obispo, CA",4976.0,201536.4
SBY,"Salisbury, MD",2607.4,62631.2
SC1,"Beaufort, SC",1.2,76.8
SC6,"Charleston, SC",0.2,1.2
SCC,"Deadhorse, AK",3705.6,88839.0
SCE,"State College, PA",4955.0,151659.0
SCF,"Phoenix, AZ",307.6,213.8
SCH,"Schenectady, NY",1.8,3.8
SCK,"Stockton, CA",1513.6,93869.4
SCL,"Santiago, Chile",3358.0,555138.8
SCM,"Scammon Bay, AK",2021.2,6852.8
SCQ,"Santiago de Compostela, Spain",5.2,117.6
SCU,"Santiago, Cuba",177.0,15635.2
SDF,"Louisville, KY",66687.8,1801284.8
SDJ,"Sendai, Japan",72.2,5836.6
SDL,"Sundsvall, Sweden",0.2,0.4
SDM,"San Diego, CA",58.8,29.4
SDP,"Sandpoint, AK",905.8,6240.0
SDQ,"Santo Domingo, Dominican Republic",10204.6,1170709.8
SDX,"Sedona, AZ",1.8,7.4
SDY,"Sidney, MT",1734.8,9061.0
SEA,"Seattle, WA",205566.8,22792133.0
SEE,"San Diego, CA",3.0,10.2
SEF,"Sebring, FL",0.8,1.6
SEG,"Selinsgrove, PA",2.4,8.6
SEM,"Selma, AL",0.2,10.0
SEN,"Southend-On-Sea, United Kingdom",2.0,5.4
SER,"Seymour, IN",0.2,0.0
SFB,"Sanford, FL",10199.0,1415871.0
SFG,"Grand Case, Saint Martin",0.2,1.0
SFH,"San Felipe, Mexico",31.6,107.6
SFJ,"Sondre Stromfjord, Greenland",3.4,168.8
SFM,"Sanford, ME",2.8,10.4
SFO,"San Francisco, CA",210293.4,26653215.2
SFZ,"Smithfield, RI",2.0,6.8
SGD,"Sonderborg, Denmark",1.8,5.4
SGF,"Springfield, MO",10079.0,501177.2
SGH,"Springfield, OH",1.2,0.4
SGN,"Ho Chi Minh City, Vietnam",4.4,7.6
SGR,"Sugar Land, TX",8.8,45.2
SGU,"St. George, UT",2861.4,95611.2
SGY,"Skagway, AK",2030.0,7591.0
SHD,"Staunton, VA",752.4,10785.8
SHE,"Shenyang, China",33.0,7638.8
SHG,"Shungnak, AK",1343.2,4059.2
SHH,"Shishmaref, AK",1316.8,3899.4
SHN,"Shelton, WA",0.6,4.6
SHR,"Sheridan, WY",442.2,7515.0
SHV,"Shreveport, LA",8173.4,297046.2
SHX,"Shageluk, AK",631.8,1065.4
SID,"Sal Island, Cape Verde",4.2,102.8
SIG,"San Juan, PR",4451.4,20087.4
SIN,"Singapore, Singapore",900.0,172381.6
SIR,"Sion, Switzerland",0.4,0.6
SIT,"Sitka, AK",3853.8,125343.4
SJC,"San Jose, CA",60698.8,6303418.2
SJD,"San Jose del Cabo, Mexico",11443.8,1429032.4
SJO,"San Jose, Costa Rica",8562.2,1007840.2
SJT,"San Angelo, TX",1874.4,61497.0
SJU,"San Juan, PR",56159.0,4289964.4
SJW,"Shijiazhuang, China",3.8,621.0
SKA,"Spokane, WA",0.2,19.4
SKB,"St. Kitts, Saint Kitts and Nevis",1677.6,87443.2
SKF,"San Antonio, TX",305.2,27.2
SKG,"Thessaloniki, Greece",0.4,1.0
SKJ,"Sitkinak, AK",18.4,24.4
SKK,"Shaktoolik, AK",1816.4,4435.6
SKP,"Skopje, Macedonia",0.2,1.4
SKW,"Skwentna, AK",102.2,63.6
SKY,"Sandusky, OH",0.4,0.0
SLC,"Salt Lake City, UT",125540.2,11742402.6
SLE,"Salem, OR",558.2,45.0
SLK,"Saranac Lake/Lake Placid, NY",1017.6,4857.0
SLM,"Salamanca, Spain",0.4,1.2
SLN,"Salina, KS",670.6,9767.4
SLP,"San Luis Potosi, Mexico",1393.4,60010.6
SLQ,"Sleetmute, AK",371.8,354.8
SLR,"Sulphur Springs, TX",0.2,0.8
SLT,"Salida, CO",0.2,0.8
SLU,"St. Lucia, Saint Lucia",242.8,54.8
SLW,"Saltillo, Mexico",181.2,2.8
SMA,"Santa Maria, Portugal",4.0,2.8
SMB,"Cerro El Sombrero, Chile",0.2,1.6
SMF,"Sacramento, CA",53998.6,5576104.2
SMK,"St. Michael, AK",1974.6,5250.2
SMN,"Salmon, ID",105.8,160.8
SMO,"Santa Monica, CA",17.8,59.2
SMR,"Santa Marta, Colombia",7.0,517.6
SMV,"St. Moritz, Switzerland",0.4,1.0
SMX,"Santa Maria, CA",1313.2,31204.8
SNA,"Santa Ana, CA",45278.2,5162253.8
SNN,"Shannon, Ireland",1838.2,205766.4
SNP,"St. Paul, AK",422.2,3062.8
SNR,"St. Nazaire, France",1.0,4.2
SNS,"Salinas/Monterey, CA",1.4,4.6
SNU,"Santa Clara, Cuba",913.0,90785.0
SNY,"Sidney, NE",0.2,0.0
SOF,"Sofia, Bulgaria",0.4,13.6
SOM,"San Tome, Venezuela",0.2,0.0
SOP,"Pinehurst/Southern Pines, NC",3.8,43.8
SOU,"Southampton, United Kingdom",0.8,2.0
SOV,"Seldovia, AK",3511.0,6689.8
SOW,"Show Low, AZ",832.6,4054.4
SPB,"Charlotte Amalie, VI",2601.2,22659.0
SPF,"Spearfish, SD",0.2,1.2
SPG,"Tampa, FL",0.6,1.6
SPI,"Springfield, IL",1869.0,86257.4
SPM,"Spangdahlem, Germany",1.0,0.0
SPN,"Saipan, TT",16538.4,513223.0
SPS,"Wichita Falls, TX",1175.6,43965.6
SPU,"Split, Croatia",1.4,7.2
SQA,"Santa Ynez, CA",3.0,1.0
SQI,"Sterling/Rockfalls, IL",0.4,0.0
SQL,"San Carlos, CA",244.6,1060.0
SQV,"Sequim, WA",1.2,2.2
SRQ,"Sarasota/Bradenton, FL",6549.6,692725.8
SRV,"Stony River, AK",165.2,140.0
SSA,"Salvador, Brazil",69.0,8807.8
SSB,"Christiansted, VI",2604.4,22579.2
SSC,"Sumter, SC",1.2,8.2
SSF,"San Antonio, TX",0.6,0.0
SSI,"Brunswick, GA",4.4,15.6
SSW,"Stuart Island, WA",0.6,2.2
STC,"St. Cloud, MN",158.4,20262.0
STE,"Stevens Point, WI",0.4,2.0
STF,"Starkville, MS",1.2,14.6
STG,"St. George Island, AK",214.2,1254.6
STI,"Santiago, Dominican Republic",5605.0,711658.2
STJ,"St. Joseph, MO",0.2,1.2
STL,"St. Louis, MO",85160.2,7354231.4
STN,"London, United Kingdom",801.6,15822.2
STP,"Minneapolis/St. Paul, MN",10.4,28.0
STQ,"St. Marys, PA",0.2,0.8
STR,"Stuttgart, Germany",339.6,63814.2
STS,"Santa Rosa, CA",3366.2,192984.4
STT,"Charlotte Amalie, VI",13291.8,613991.4
STX,"Christiansted, VI",8633.6,203213.8
SUA,"Stuart, FL",13.6,40.8
SUM,"Sumter, SC",0.2,0.0
SUN,"Sun Valley/Hailey/Ketchum, ID",1980.8,82772.6
SUO,"Sunriver, OR",0.6,2.2
SUS,"St. Louis, MO",42.6,52.0
SUU,"Fairfield, CA",32.2,30.6
SUX,"Sioux City, IA",1025.2,39344.4
SVA,"Savoonga, AK",1505.0,5532.2
SVC,"Silver City/Hurley, NM",1218.0,5401.4
SVD,"St. Vincent, Saint Vincent and the Grenadines",48.0,3854.0
SVG,"Stavanger, Norway",72.6,1529.2
SVH,"Statesville, NC",13.2,1.8
SVN,"Savannah, GA",7.4,643.6
SVO,"Moscow, Russia",2010.0,417137.0
SVQ,"Seville, Spain",0.8,0.8
SVS,"Stevens Village, AK",304.6,800.0
SVW,"Sparrevohn, AK",5.8,7.6
SWD,"Seward, AK",4.6,7.2
SWF,"Newburgh/Poughkeepsie, NY",3483.4,230699.4
SWO,"Stillwater, OK",537.0,19216.8
SXB,"Strasbourg, France",0.6,1.4
SXF,"Berlin, Germany",4.0,14.4
SXM,"Philipsburg, Sint Maarten",3409.2,332785.2
SXP,"Sheldon Point, AK",1310.0,2433.6
SXQ,"Soldotna, AK",7.6,18.2
SXU,"Soddu, Ethiopia",0.2,1.4
SYA,"Shemya, AK",6.2,93.6
SYB,"Seal Bay, AK",92.8,102.6
SYD,"Sydney, Australia",3748.4,986991.0
SYI,"Shelbyville/Tullahoma, TN",0.4,1.0
SYR,"Syracuse, NY",19190.4,1085823.2
SZB,"Kuala Lumpur, Malaysia",0.4,59.6
SZG,"Salzburg, Austria",1.4,4.8
SZL,"Knob Noster, MO",1.6,5.8
SZX,"Shenzhen, China",397.0,24014.8
T1N,"Selmer, TN",0.4,0.6
T1X,"Gainesville, TX",0.6,3.2
T2N,"Clevland, TN",0.6,1.0
T2X,"Hereford, TX",0.2,1.0
T3X,"Encino, TX",0.4,0.4
T4X,"Austin, TX",0.4,1.0
T5X,"Castroville, TX",0.2,0.0
T6X,"Houston, TX",0.2,0.6
T8X,"Dallas, TX",0.6,1.2
T9X,"Carrizo Springs, TX",0.2,0.0
TAB,"Tobago, Trinidad and Tobago",52.8,5491.0
TAE,"Taegu, South Korea",0.6,111.2
TAL,"Tanana, AK",1362.4,5546.8
TAM,"Tampico, Mexico",364.4,13610.2
TAO,"Qingdao, China",171.8,27145.6
TAR,"Taranto, Italy",107.4,0.6
TAS,"Tashkent, Uzbekistan",31.8,6827.8
TBN,"Fort Leonard Wood, MO",1294.2,7651.2
TBS,"Tbilisi, Georgia",0.2,0.0
TBU,"Tonga Tapu, Tonga",27.6,131.4
TCB,"Treasure Cay, The Bahamas",525.6,7459.6
TCC,"Tucumcari, NM",0.2,0.4
TCL,"Tuscaloosa, AL",72.4,2129.2
TCM,"Tacoma, WA",5.2,312.0
TCT,"Takotna, AK",205.4,177.4
TDF,"Roxboro, NC",19.4,0.4
TDZ,"Toledo, OH",0.2,0.0
TEB,"Teterboro, NJ",1645.6,6306.6
TEK,"Tatitlek, AK",103.8,86.0
TER,"Lajes, Portugal",86.8,12798.6
TEX,"Telluride, CO",325.8,1937.0
TFN,"Tenerife, Spain",0.4,1.0
TFS,"Tenerife, Spain",1.8,10.2
TGU,"Tegucigalpa, Honduras",1289.8,122114.6
THA,"Tullahoma, TN",0.6,0.4
THV,"York, PA",2.4,5.4
TIJ,"Tijuana, Mexico",127.8,4137.6
TIK,"Oklahoma City, OK",1.0,59.4
TIQ,"Tinian, TT",10602.0,40028.2
TIV,"Tivat, Montenegro",0.4,3.8
TIW,"Tacoma, WA",1.6,10.4
TIX,"Titusville, FL",0.8,2.4
TKA,"Talkeetna, AK",3.6,3.2
TKE,"Tenakee, AK",616.2,1382.2
TKF,"Truckee, CA",78.2,289.2
TKI,"Tokeen, AK",0.8,3.4
TKJ,"Tok, AK",309.4,329.6
TKK,"Chuuk, Federated States of Micronesia",241.4,27297.4
TKS,"Tokushima, Japan",0.4,57.6
TLA,"Teller, AK",881.6,2937.6
TLC,"Toluca, Mexico",452.6,7370.0
TLF,"Telida, AK",10.8,8.2
TLH,"Tallahassee, FL",7728.4,369891.0
TLJ,"Tatalina, AK",54.6,28.4
TLL,"Tallinn, Estonia",2.0,0.4
TLN,"Toulon/Hyeres, France",2.0,9.8
TLS,"Toulouse, France",3.2,107.4
TLT,"Tuluksak, AK",1628.0,3321.6
TLV,"Tel Aviv, Israel",3025.4,762781.4
TMB,"Miami, FL",13.2,39.6
TN1,"Lebanon, TN",0.2,0.0
TN2,"Sparta, TN",1.6,7.2
TN4,"Pulaski, TN",5.8,0.0
TN5,"Lafayette, TN",0.2,0.6
TN6,"Dyersburg, TN",0.4,1.2
TN7,"Winchester, TN",0.4,0.6
TN8,"Nashville, TN",75.2,236.2
TN9,"Sevierville, TN",0.2,0.6
TNA,"Jinan, China",85.4,13914.2
TNC,"Tin City, AK",88.4,208.2
TNG,"Tangier, Morocco",0.4,0.0
TNK,"Tununak, AK",1759.0,4052.0
TNT,"Miami, FL",0.4,0.0
TOA,"Torrance, CA",0.6,1.6
TOG,"Togiak, AK",790.4,1234.2
TOJ,"Madrid, Spain",0.2,0.0
TOL,"Toledo, OH",1900.6,107776.0
TOP,"Topeka, KS",0.2,0.4
TOR,"Torrington, WY",0.2,0.0
TPA,"Tampa, FL",82860.0,9966227.4
TPE,"Taipei, Taiwan",8161.8,1422878.2
TPL,"Temple, TX",2.2,0.6
TRC,"Torreon, Mexico",557.2,19082.0
TRI,"Bristol/Johnson City/Kingsport, TN",4149.8,209468.2
TRL,"Terrell, TX",0.2,1.2
TRM,"Thermal, CA",29.4,103.4
TRN,"Turin, Italy",2.0,4.4
TRS,"Trieste, Italy",0.2,0.2
TRU,"Trujillo, Peru",0.2,1.4
TSA,"Taipei, Taiwan",1.0,1.4
TSE,"Astana, Kazakhstan",0.2,0.6
TSF,"Venice, Italy",0.4,2.0
TSG,"Tanacross, AK",8.0,58.2
TSM,"Taos, NM",3.0,44.6
TSN,"Tianjin, China",1.6,74.0
TSP,"Tehachapi, CA",1.6,0.0
TSS,"New York, NY",17.2,40.4
TSV,"Townsville, Australia",0.2,0.0
TTD,"Troutdale, OR",2.0,7.8
TTN,"Trenton, NJ",2715.6,379878.2
TUC,"Tucuman, Argentina",25.0,0.0
TUF,"Tours, France",0.2,0.6
TUL,"Tulsa, OK",19655.0,1449085.2
TUP,"Tupelo, MS",1180.6,10060.0
TUS,"Tucson, AZ",19812.0,1699691.0
TVC,"Traverse City, MI",5027.6,240370.4
TVF,"Thief River Falls, MN",1182.0,4064.6
TVI,"Thomasville, GA",0.8,1.2
TVL,"Lake Tahoe, CA",26.2,19.4
TWA,"Twin Hills, AK",231.6,327.6
TWF,"Twin Falls, ID",1484.8,44644.8
TX1,"Mesquite, TX",0.2,0.0
TX4,"Ballinger, TX",0.4,0.6
TX8,"Slaton, TX",0.4,0.8
TXK,"Texarkana, AR",1081.4,35905.4
TXL,"Berlin, Germany",891.6,186694.0
TYE,"Tyonek, AK",963.2,1837.4
TYM,"Exuma, The Bahamas",6.0,45.6
TYO,"Tokyo, Japan",5.8,0.0
TYR,"Tyler, TX",1708.6,56672.6
TYS,"Knoxville, TN",19072.8,1011774.4
TZN,"South Andos, The Bahamas",44.4,250.2
UAB,"Adana, Turkey",0.4,0.0
UAK,"Narsarsuaq, Greenland",0.2,1.0
UAM,"Guam, TT",12.2,163.4
UBF,"Chatham, MA",17.4,80.2
UCY,"Union City, TN",0.4,0.8
UDD,"Bermuda Dunes, CA",2.0,6.6
UDG,"Darlington, SC",0.2,0.8
UDJ,"Zakarpattia, Ukraine",0.2,0.6
UES,"Waukesha, WI",1.4,3.8
UGB,"Pilot Point, AK",16.6,19.0
UGI,"Uganik, AK",75.4,93.0
UGN,"Waukegan, IL",39.6,50.4
UGS,"Ugashik, AK",165.4,131.0
UIN,"Quincy, IL",1365.6,9808.0
UIO,"Quito, Ecuador",3770.0,304312.2
UKI,"Ukiah, CA",303.6,0.0
UMT,"Umiat, AK",32.8,58.4
UNI,"Union Island, Saint Vincent and the Grenadines",0.2,1.4
UNK,"Unalakleet, AK",5373.2,17683.2
UOX,"Oxford, MS",2.4,51.4
UPN,"Uruapan, Mexico",52.6,6415.0
USA,"Concord, NC",675.2,91104.2
USH,"Ushuaia, Argentina",0.4,1.2
UST,"St. Augustine, FL",173.4,12811.4
UT1,"Heber, UT",2.0,5.2
UTM,"Tunica, MS",43.2,2404.2
UTO,"Utopia, AK",49.2,69.8
UTP,"Utapao, Thailand",0.4,7.6
UUD,"Ulan-Ude, Russia",0.2,0.0
UUK,"Kuparuk, AK",6.2,0.0
UUS,"Yuzhno-Sakhalinsk, Russia",0.4,1.4
UVA,"Uvalde, TX",1.0,0.0
UVF,"St. Lucia, Saint Lucia",1412.0,187403.2
UXI,"Calder Bay, AK",0.8,1.2
UXK,"Petaluma, CA",455.2,0.0
UXO,"Fitchburg, MA",0.4,1.4
UXP,"Bay St. Louis, MS",1.6,0.0
UXR,"Monument Valley, UT",101.6,1026.8
VA2,"Chesapeake, VA",0.6,2.4
VA4,"Leesburg, VA",0.8,3.0
VA5,"Richmond, VA",0.4,2.0
VA6,"Moneta, VA",0.2,0.2
VA7,"Bridgewater, VA",0.2,0.2
VA8,"Richmond, VA",1.2,3.6
VA9,"Norfolk, VA",0.4,1.4
VAD,"Valdosta, GA",1.8,55.2
VAK,"Chevak, AK",2492.4,8551.2
VBG,"Lompoc, CA",0.6,16.2
VCE,"Venice, Italy",735.0,148859.6
VCP,"Sao Paulo, Brazil",1158.0,208382.0
VCT,"Victoria, TX",592.2,3543.2
VCV,"Victorville, CA",25.4,1094.6
VDZ,"Valdez, AK",656.2,11570.6
VEE,"Venetie, AK",945.8,3747.0
VEL,"Vernal, UT",744.2,6768.0
VER,"Veracruz, Mexico",481.6,18520.6
VGC,"Hamilton, NY",3.0,8.2
VGT,"Las Vegas, NV",231.8,3088.0
VHN,"Van Horn, TX",0.6,1.4
VIE,"Vienna, Austria",1453.8,281284.2
VIJ,"Virgin Gorda, British Virgin Islands",613.8,2325.4
VIK,"Kavik River, AK",21.4,37.2
VIS,"Visalia, CA",901.8,1141.2
VIT,"Vitoria, Spain",0.4,2.6
VJI,"Abingdon, VA",1.4,10.0
VKO,"Moscow, Russia",21.6,950.4
VLC,"Valencia, Spain",1.0,8.4
VLD,"Valdosta, GA",1028.6,42471.6
VLI,"Port Vila, Vanuatu",0.4,3.8
VLL,"Valladolid, Spain",0.2,0.0
VLN,"Valencia, Venezuela",12.8,0.0
VNC,"Venice, FL",0.4,1.0
VNO,"Vilnius, Lithuania",0.2,0.2
VNY,"Van Nuys, CA",263.2,879.4
VOK,"Camp Douglas, WI",2.6,192.0
VPC,"Cartersville, GA",0.2,1.0
VPS,"Valparaiso, FL",7344.8,575340.2
VPZ,"Valparaiso, IN",1.4,8.6
VQQ,"Jacksonville, FL",26.8,0.2
VQS,"Vieques, PR",10357.6,50311.8
VRA,"Varadero, Cuba",396.4,29591.2
VRB,"Vero Beach, FL",189.4,6270.4
VRN,"Verona, Italy",1.2,9.6
VSA,"Villahermosa, Mexico",258.2,7689.2
VSF,"Springfield, VT",0.4,1.2
VST,"Vasteras, Sweden",0.2,0.2
VT1,"West Dover, VT",3.0,11.2
VUJ,"Albemarle, NC",0.4,0.8
VUO,"Vancouver, WA",0.6,1.2
VUP,"Valledupar, Colombia",0.2,1.2
VVI,"Santa Cruz, Bolivia",336.0,49632.0
VVO,"Vladivostok, Russia",59.0,0.0
VWD,"Hanford, CA",2.2,2.6
VWE,"Chelan, WA",1.4,0.8
VWG,"Garibaldi, OR",0.2,0.0
VWK,"Saratoga Springs, NY",15.0,67.4
VWN,"Parker, AZ",0.8,0.0
VWO,"Arlington, WA",0.2,0.0
VWS,"Wichita, KS",0.2,0.6
VWX,"Hondo, TX",0.2,0.0
VWZ,"Granite Creek Mine, AK",0.4,1.0
VZA,"Marvel Creek Mine, AK",1.0,0.0
VZC,"Mush Bay, AK",0.6,0.0
VZE,"Frazer Lake, AK",1.2,1.2
VZM,"Jensens Strip, AK",7.2,9.2
VZR,"Katmai Bay, AK",2.6,6.0
VZY,"Katmai Lodge, AK",19.0,128.4
WA1,"Camp Orkila Eastsound, WA",3.0,4.2
WA3,"Shaw Island, WA",1.0,2.4
WA5,"Winthrop, WA",17.0,0.2
WA6,"Stehekin, WA",94.8,321.2
WA7,"Chelan, WA",94.2,296.8
WA9,"Brewster, WA",0.4,0.8
WAA,"Wales, AK",832.8,2075.2
WAL,"Chincoteague, VA",0.2,0.0
WAR,"Warsaw, IN",1.2,6.0
WAW,"Warsaw, Poland",1087.0,235549.0
WBB,"Stebbins, AK",2112.4,5564.8
WBQ,"Beaver, AK",397.2,1038.8
WCR,"Chandalar, AK",19.2,26.8
WDB,"Wide Bay, AK",0.2,0.0
WDH,"Windhoek, Namibia",0.6,59.4
WDR,"Winder, GA",0.2,1.0
WFB,"Ketchikan, AK",9243.2,33708.6
WGO,"Winchester, VA",0.2,0.0
WHD,"Hyder, AK",91.6,93.6
WI3,"Ehpriam, WI",0.6,3.6
WI4,"Middleton, WI",0.2,0.2
WI5,"Moroe, WI",0.2,0.4
WI6,"Waupaca, WI",0.2,0.0
WJF,"Lancaster, CA",0.2,2.0
WKK,"Aleknagik, AK",50.6,3.4
WKR,"Walker's Cay, The Bahamas",1.8,3.4
WKV,"Philadelphia, PA",9.0,22.4
WLG,"Wellington, New Zealand",0.2,1.8
WLK,"Selawik, AK",1838.0,6002.8
WMI,"Nowy Dwor Mazowieckie, Poland",0.2,0.2
WMK,"Meyers Chuck, AK",134.6,209.2
WMO,"White Mountain, AK",1229.6,3905.6
WNA,"Napakiak, AK",1373.0,2085.4
WQU,"Portales, NM",0.2,1.6
WQX,"Kiavak, AK",1.0,2.0
WQZ,"Chignik Lake, AK",1.4,3.2
WRB,"Macon, GA",0.6,0.0
WRG,"Wrangell, AK",1059.2,45592.6
WRI,"Fort Dix, NJ",41.4,0.0
WRL,"Worland, WY",173.8,232.2
WSB,"Steamboat Bay, AK",20.8,79.2
WSG,"Washington, PA",0.6,1.4
WSJ,"San Juan, AK",1.2,1.6
WSN,"South Naknek, AK",287.0,455.2
WST,"Westerly, RI",3805.6,16417.4
WSX,"Westsound, WA",6.2,12.2
WTD,"West End, The Bahamas",3.0,7.6
WTK,"Noatak, AK",1758.2,6456.6
WTL,"Tuntutuliak, AK",2586.8,6105.2
WUH,"Wuhan, China",208.4,37023.0
WUQ,"Ocean Shores, WA",0.2,0.6
WUX,"Wuxi, China",34.0,86.4
WVI,"Watsonville, CA",0.6,1.8
WVL,"Augusta/Waterville, ME",2.4,7.4
WWA,"Wasilla, AK",5.2,18.6
WWD,"Cape May, NJ",2.0,7.0
WWP,"Whale Pass, AK",129.8,100.0
WWT,"Newtok, AK",1783.4,4381.8
WY1,"Pinedale, WY",0.2,0.0
WYB,"Yes Bay, AK",0.2,0.2
WYS,"West Yellowstone, MT",244.6,8385.2
XCR,"Chalons-En-Champagne, France",3.4,0.0
XIY,"Xi'an, China",37.2,6140.2
XMN,"Xiamen, China",80.0,17200.0
XMR,"Marmande, France",0.2,0.0
XNA,"Fayetteville, AR",13883.6,732100.2
XPL,"Comayagua, Honduras",0.8,3.6
XRY,"Jerez de la Frontera, Spain",0.2,1.0
XSD,"Tonopah, NV",0.8,0.0
XSM,"Leonardtown, MD",0.2,0.2
XSP,"Seletar, Singapore",0.2,0.4
XWA,"Granite Point, AK",63.6,54.2
XWA,"Williston, ND",93.4,3996.2
XWH,"Aztec, NM",0.4,0.0
XWW,"Driggs, ID",0.2,1.4
XXN,"Willits, CA",0.8,0.0
XXO,"Hurricane, UT",2.4,26.0
XXP,"Lakeport, CA",1.2,0.0
XXW,"Lake City, FL",1.0,0.0
XXX,"Mena, AR",0.4,0.0
XXY,"Fortuna, CA",0.2,0.0
YAK,"Yakutat, AK",1014.4,27920.0
YAM,"Sault Ste. Marie, Canada",0.6,4.0
YAP,"Yap, Federated States of Micronesia",107.6,9040.8
YAV,"Miners Bay, Canada",0.2,0.0
YAZ,"Tofino, Canada",8.4,28.8
YBG,"Saguenay, Canada",0.4,0.6
YBL,"Campbell River, Canada",59.2,16.4
YBQ,"Telegraph Harbour, Canada",0.2,0.0
YBS,"Opapimiskan Lake, Canada",0.2,1.6
YBW,"Bedwell Harbour, Canada",4.0,7.2
YCD,"Nanaimo, Canada",136.2,89.6
YCF,"Cortes Bay, Canada",0.2,0.2
YCG,"Castlegar/Nelson/Trail, Canada",0.2,0.4
YCK,"Colville Lake, Canada",2.0,6.4
YCL,"Charlo, Canada",3.8,17.8
YCM,"St. Catharines, Canada",0.8,3.4
YDA,"Dawson City, Canada",0.4,0.0
YDF,"Deer Lake, Canada",0.2,19.6
YDS,"Desolation Sound, Canada",1.0,3.2
YEG,"Edmonton, Canada",5779.6,482618.4
YEM,"Manitowaning, Canada",0.6,3.4
YEV,"Inuvik, Canada",0.6,0.0
YFB,"Iqaluit, Canada",3.2,153.0
YFC,"Fredericton, Canada",1.0,2.8
YGB,"Gillies Bay, Canada",0.2,0.0
YGE,"Gorge Harbor, Canada",0.6,0.2
YGG,"Ganges Harbor, Canada",12.4,15.6
YGK,"Kingston, Canada",0.8,1.8
YGP,"Gaspe, Canada",0.2,0.8
YHD,"Dryden, Canada",1.0,3.0
YHH,"Campbell River, Canada",4.2,4.2
YHM,"Hamilton, Canada",1156.4,4629.6
YHS,"Sechelt, Canada",0.2,0.6
YHU,"Montreal, Canada",7.4,138.6
YHZ,"Halifax, Canada",2840.2,162550.0
YIG,"Big Bay Marina, Canada",0.4,0.8
YIP,"Detroit, MI",1207.8,3283.4
YJT,"Stephenville, Canada",2.0,170.6
YKA,"Kamloops, Canada",17.6,1.8
YKF,"Kitchener, Canada",252.8,9502.4
YKM,"Yakima, WA",2262.4,69775.8
YKZ,"Toronto, Canada",1.0,3.2
YLS,"Lebel-sur-Quevillon, Canada",2.4,9.8
YLW,"Kelowna, Canada",971.0,50514.4
YMF,"Galiano Island, Canada",0.4,0.6
YML,"Murray Bay, Canada",0.8,1.0
YMM,"Fort McMurray, Canada",0.6,1.6
YMP,"Port McNeill, Canada",0.8,0.6
YMU,"Mansons Landing, Canada",0.2,0.2
YMW,"Maniwaki, Canada",0.8,1.6
YMX,"Montreal, Canada",1130.8,117.0
YNG,"Youngstown/Warren, OH",267.4,32115.8
YNK,"Nootka Sound, Canada",2.0,9.2
YNY,"Yangyang, South Korea",0.2,38.2
YOC,"Old Crow, Canada",3.6,0.0
YOW,"Ottawa, Canada",7170.6,346803.6
YPD,"Parry Sound, Canada",2.8,12.4
YPQ,"Peterborough, Canada",3.8,268.8
YPR,"Digby Island, Canada",1.4,4.4
YPS,"Port Hawkesbury, Canada",1.4,8.4
YPT,"Pender Harbour, Canada",8.0,8.8
YQA,"Muskoka, Canada",7.6,29.0
YQB,"Quebec, Canada",1766.4,96098.4
YQF,"Red Deer, Canada",0.2,1.2
YQG,"Windsor, Canada",33.0,654.0
YQI,"Yarmouth, Canada",0.2,1.0
YQJ,"Quadra Island, Canada",0.8,3.0
YQL,"Lethbridge, Canada",0.4,3.2
YQM,"Moncton, Canada",47.6,5515.4
YQQ,"Comox, Canada",0.6,0.4
YQR,"Regina, Canada",420.0,32813.8
YQT,"Thunder Bay, Canada",0.6,19.8
YQU,"Grande Prairie, Canada",1.2,4.6
YQX,"Gander, Canada",36.4,2787.0
YQY,"Sydney, Canada",1.4,59.4
YR1,"Refuge Cove, Canada",1.4,3.2
YRI,"Riviere-Du-Loup, Canada",0.2,0.4
YRJ,"Roberval, Canada",0.2,1.2
YRQ,"Trois Rivieres, Canada",3.0,9.2
YSB,"Sudbury, Canada",0.6,1.8
YSJ,"Saint John, Canada",4.4,240.6
YSN,"Salmon Arm, Canada",0.8,3.0
YSU,"Summerside, Canada",0.2,0.4
YTG,"Sullivan Bay, Canada",0.6,0.2
YTM,"La Macaza, Canada",1.6,5.2
YTP,"Tofino, Canada",4.6,6.4
YTS,"Timmins, Canada",0.2,0.0
YTZ,"Toronto, Canada",8915.8,439640.6
YUL,"Montreal, Canada",30199.2,2023914.8
YUM,"Yuma, AZ",1775.6,79993.6
YUX,"Hall Beach, Canada",0.2,0.0
YUY,"Rouyn-Noranda, Canada",0.2,1.6
YVB,"Bonaventure, Canada",0.4,1.8
YVR,"Vancouver, Canada",33721.0,2937957.2
YWG,"Winnipeg, Canada",4015.6,224125.2
YWH,"Victoria, Canada",1667.8,9842.8
YWS,"Whistler, Canada",3.4,5.2
YXC,"Cranbrook, Canada",24.8,0.4
YXE,"Saskatoon, Canada",885.8,63849.2
YXS,"Prince George, Canada",2.0,0.0
YXT,"Terrace, Canada",17.2,3.4
YXU,"London, Canada",280.8,8966.4
YXX,"Abbotsford, Canada",70.8,1003.2
YXY,"Whitehorse, Canada",34.6,100.4
YYB,"North Bay, Canada",0.8,5.0
YYC,"Calgary, Canada",17684.6,1601724.0
YYD,"Smithers, Canada",31.2,0.8
YYF,"Penticton, Canada",0.2,0.8
YYG,"Charlottetown, Canada",10.6,820.8
YYJ,"Victoria, Canada",2773.6,131840.6
YYQ,"Churchill, Canada",0.6,2.0
YYR,"Goose Bay, Canada",28.0,2577.2
YYT,"St. John's, Canada",165.8,15101.2
YYZ,"Toronto, Canada",82262.0,6285481.0
YZF,"Yellowknife, Canada",3.4,164.8
YZT,"Port Hardy, Canada",1.6,6.0
YZV,"Sept-Iles, Canada",0.8,2.4
ZAG,"Zagreb, Croatia",0.4,1.0
ZAZ,"Zaragoza, Spain",9.2,0.0
ZBF,"Bathurst, Canada",0.2,0.2
ZBM,"Bromont, Canada",2.0,3.2
ZCL,"Zacatecas, Mexico",587.4,57491.2
ZEL,"Bella Bella, Canada",0.2,0.4
ZIH,"Ixtapa/Zihuatanejo, Mexico",627.6,64704.2
ZLO,"Manzanillo, Mexico",239.4,21581.4
ZMH,"108 Mile Ranch, Canada",0.2,1.0
ZMT,"Masset, Canada",0.4,1.8
ZNA,"Nanaimo, Canada",13.2,30.6
ZNC,"Nyac, AK",41.2,42.0
ZRH,"Zurich, Switzerland",5167.4,1006175.2
ZSA,"San Salvador, The Bahamas",53.8,3939.8
ZSW,"Prince Rupert, Canada",5.2,14.0
ZXA,"Rota, Spain",4.2,64.8
ZXB,"Albuquerque, NM",0.8,0.2
ZXC,"Gasquet, CA",0.2,0.0
ZXD,"San Isidro, Dominican Republic",0.4,4.4
ZXF,"Illinois Creek, AK",6.6,3.8
ZXH,"Chomondely Sound, AK",18.2,17.8
ZXK,"Lancaster Cove, AK",0.2,0.2
ZXM,"Saltery Cove, AK",297.4,893.2
ZXN,"Clover Bay, AK",131.2,339.8
ZXU,"North Kingstown, RI",12.4,36.0
ZZV,"Zanesville, OH",0.4,1.2
